hour,rainfall,lag_1_rain,lag_2_rain,cumulative_3hr,runoff,runoff_ratio,storage,storage_change,flood,flood_future
1.048184050503852,4.780886719095549,0.0,0.0608247778815426,5.410510927831371,39.5004650235173,0.1567486816362187,0.0,0.0264537458948848,0.0,0
2.001869801028453,10.20175901620579,4.591612916460169,0.0369339074309096,16.468707988961945,83.34088825926244,0.2460294821721537,0.0690556545331181,0.0107090270379001,0.0,0
2.8208795315735555,15.126662440692662,9.419331737724676,4.745852514550543,28.6860491723815,127.67210016280391,0.4665759905703182,0.0,0.0884533517003152,0.0,0
4.453662026082832,19.37475053870315,15.966740975081663,10.20979585837042,45.52890884996948,156.03272658790112,0.506798397036195,0.0878484309034105,0.0,0.0,0
5.150068949402082,26.13616501514781,19.134140062456016,14.03427706074205,61.39393172512254,192.5559445990824,0.5373426132895975,0.0118194183863873,0.0,0.0,0
5.876347035740105,51.67395014063465,25.252927292246497,21.068793279796168,100.263376902273,477.5808566358152,1.8435554746822145,171.2716144297667,191.20090418555736,0.0,1
6.240766901958732,67.14431866603287,60.84367561383687,22.5363250742315,149.59050390205587,522.8111853827183,1.8709608155000168,406.6518112198637,255.42064039940968,1.0,1
7.909265034669835,81.47791041117411,69.99018322508049,58.680924258636665,208.14946170204524,629.2484748158629,2.043813323306953,789.0955075160514,340.1622253141467,1.0,1
10.061494411069091,41.6552570839729,81.18382545825833,70.20977954013217,194.2555260401245,336.2739972197994,1.0212164326233268,789.4079154691407,20.583514318444376,1.0,1
10.380177979240978,19.490231433463595,40.246834259067775,80.36244626512607,138.70073406535695,157.66662168267965,0.5312495172631776,693.3218492665081,0.0,1.0,1
10.800701425978936,10.527108493359709,20.991149367986267,39.26479152856831,67.96221472253183,68.63332431780316,0.3158336692376529,430.6991594979397,0.0,1.0,0
12.088213543573168,4.887764762111175,9.65979072525484,18.807422081338625,34.34864362838834,43.92242453893983,0.1011344027685222,188.21657391215248,0.0,0.0,0
1.088095558743254,5.403708105127721,0.0007470412982093,0.0235212012978793,4.770873654440051,37.3846865600946,0.1716772303721289,0.0658111695151903,0.0133863725737564,0.0,0
2.1135120282531448,8.859660888555227,4.927528307385651,0.0,15.141109048395794,80.00411640874987,0.2870874965366347,0.0,0.0,0.0,0
3.21097314200758,13.51812707845052,10.208489276935133,4.727685869656926,28.732636187570264,115.72829229943667,0.5122370986392647,0.0045292737706813,0.0050414327935104,0.0,0
3.956623608814199,18.524696027456763,14.896730290284156,9.843825485674731,46.17661618897272,155.80447293167262,0.4929206385973712,0.0,0.0,0.0,0
5.03210590338036,28.183943600773127,20.942907764715866,15.783312542211828,62.19579523061079,202.43044858679764,0.6868274081013229,0.0285206350348433,0.0366103701209495,0.0,0
6.402684291027738,58.00704280542131,24.376265294039506,19.84106703575187,107.59313542911312,465.03316229639904,1.7238238968153472,183.9425552454803,191.6550524066733,0.0,1
7.362549589539046,65.55373489698553,57.38879877648459,23.684285169691595,158.23261444542177,535.609495087311,1.7903185652635265,479.8903149780597,251.9532109473694,1.0,1
8.354617056938064,82.47108515649333,69.62800665538386,57.29561007926081,205.74981908611312,633.9770872812546,2.2729082957596374,777.243445009421,350.9568339556877,1.0,1
8.932381657030385,37.417965210242656,73.0854111443107,70.40627669507677,189.37296597681024,309.6353151994165,1.121994618332436,754.693670744943,20.291370426069903,1.0,1
9.976814392359724,21.556863866936872,42.2170602005432,80.3642478964616,138.69775002171642,163.91782029584147,0.5124836012531373,660.232659311465,0.0,1.0,1
10.089871427730696,9.902302293083135,17.77187376571005,43.29373217842161,74.33174598470097,74.2542983432329,0.3147720103769326,442.42882146807176,0.0,1.0,0
11.820940140433894,5.31076947529531,10.073714535271002,22.916710603440023,35.54311752222573,38.277949877452336,0.0655796573258373,189.0262154907952,0.0,0.0,0
1.1136494629187286,4.651946436308249,0.0,0.0,4.8096733981946045,40.05011735426819,0.1861881477920032,0.0,0.0,0.0,0
2.0414278170043083,9.414272021630548,4.513557465988785,0.0,14.508613004263644,75.78558561689059,0.2730338343021473,0.0227683990127898,0.0,0.0,0
3.2661494473837616,15.794840604497116,10.380790214929076,4.960957378718482,30.90628310970869,123.81780668324764,0.2780943085813551,0.0142397727379999,0.0,0.0,0
3.5988429689583272,20.663475282720988,14.399821544163196,9.891096238178708,43.90230371550273,171.30771935099636,0.4203253120348875,0.0106711257304562,0.0743340573468206,0.0,0
5.371287615389098,25.79219141385665,21.227108525181443,14.13064873763224,63.051930365032746,196.1800422354504,0.7969893181700377,0.0232166847774006,0.0,0.0,0
6.3355014477086575,57.22177849803591,25.95253762660345,20.235800697077053,109.6472891386841,457.80920289019673,1.5376805022534217,200.74932157178267,174.1328394234018,0.0,1
6.194555016943303,66.75524452504838,61.00602980584164,23.96503488476785,149.96527673180034,580.5513329138837,1.764306483209329,430.7342539492805,271.7968485777054,1.0,1
7.6480950479653345,66.77380165405322,74.4199089643303,62.43775579270139,208.9673883029804,660.8187813997396,2.2573179629514506,809.1476534019972,342.0575232867,1.0,1
8.538191883479303,41.05256980167751,80.22843110896619,71.24389601673893,192.4103288470492,299.3860682681153,0.9459177439841484,738.3548265308466,20.880223448199704,1.0,1
10.900793816541114,18.939977792907307,37.97837430312177,85.72401367785332,140.52803028455818,156.865811726324,0.4853213703277708,637.2618765286252,0.0,1.0,1
11.315925439923712,9.63085350757192,19.918358464649764,40.21755060378612,70.09111016663076,82.13798917004192,0.2610152109953724,434.2852563687599,0.0,1.0,0
10.767772283855209,4.95085581989664,9.628811244907002,19.5612336213317,37.48158231313135,41.46928100764841,0.1337956768009513,177.0736393943578,0.0,0.0,0
1.0429170079789103,4.620788990246794,0.0,0.0,4.914372156801821,40.05033759682872,0.150405783138051,0.0,0.0,0.0,0
1.8833346818096144,9.397131257781515,4.622808978068233,0.0,14.699338119182102,79.22616998165262,0.2183965822096628,0.0,0.0,0.0,0
3.03964550189437,16.43012873212944,10.308004462195354,5.060770114566046,28.15835937421497,111.3696823643756,0.4330891446465581,0.0199401867687377,0.0,0.0,0
4.291024924806138,19.98506139135796,14.729575872651193,10.560951271877206,46.42323042969459,162.90863904380737,0.4833781413141342,0.0,0.0,0.0,0
5.2332862478836,27.165178543088015,20.403497225477523,15.107595248225612,61.099793117800175,188.9045647516237,0.5426267139163836,0.0637005945556805,0.0,0.0,0
5.840149553956101,59.370597408028246,25.683364696153543,19.14308370099003,100.0890899177002,438.21293648433857,1.487944856451073,173.95557318611858,180.30727422890027,0.0,1
7.194930788095737,64.03126699346446,62.88101583335698,23.85538355004491,148.14681622942928,603.6385894592762,2.0547327482747857,427.37343574929946,267.5567031697735,1.0,1
8.335440953210211,84.18489420895847,76.7463566387993,66.46437475710627,214.52876661209996,603.9655514051464,2.2185186820791163,766.9476919160728,339.1296990155442,1.0,1
8.582947023930268,38.707962361224105,83.09722947145217,68.74900770601921,192.3964683026264,351.3273997206381,0.9644075126110074,751.4055524245223,19.51530338969616,1.0,1
9.101125624790846,21.7095478115433,38.21752901880641,79.87241050647474,147.9705467008068,152.77651275857053,0.5132448493107769,690.7335025344289,0.0,1.0,1
10.604993469345532,8.831363865161117,20.27581247891244,40.44193386569613,72.34277812825772,78.0515954072486,0.2996318761035923,443.2608584012959,0.0,1.0,0
11.928408440039354,4.830044437327288,10.078790215072694,18.907140577707324,35.07984161092837,43.45367204529364,0.115841395997993,187.79098090954992,0.0,0.0,0
1.0166013127764468,4.653135968124961,0.0,0.0,4.8758745951576055,40.433486784057465,0.0233327193164359,0.0,0.0,0.0,0
1.8411526536539184,10.311048127051556,4.948906165469389,0.0,13.944510529383102,74.43750176845303,0.252230329302643,0.0,0.0212043144825213,0.0,0
3.5260699908506554,16.368068296142088,10.143459545672128,4.802923210535128,30.145497753883284,123.54468694204742,0.4302382506586755,0.0482094255892471,0.0897978120904465,0.0,0
3.755122834974469,19.660760827607564,16.743840201831794,9.984492907727256,41.13896612879173,153.3532020423356,0.5212740999554479,0.0,0.0309799216619034,0.0,0
5.079107276134466,22.6561979016509,19.809388958045098,13.593154977565336,54.07572059750268,215.0261373239571,0.6674219973556136,0.0344784426742015,0.0,0.0,0
5.927431765798182,61.35923644585605,26.9142888405174,22.209611689383216,100.36300568875788,481.5888636662655,1.5326354555881216,179.39813107785224,183.58186114828217,0.0,1
7.439986350630065,73.95702444873159,60.10487769435262,24.97804393067451,159.60337395826105,505.4662893391533,1.8050618038470216,437.71969534332345,268.53986920304754,1.0,1
7.968377672602405,78.33046739241135,70.25626483036011,55.73003511554565,206.5315713988995,633.7840649690676,1.9625664632592943,772.2696112840913,347.88491475220803,1.0,1
9.343000017201682,41.27477257745538,72.75426838901176,73.37638637068709,199.6138299175623,335.81671416807643,1.0884987986349153,765.2701603961016,19.677285349339098,1.0,1
10.194728114944166,19.78576446990128,39.69956321043588,76.16228657967942,137.58374160992895,156.46585774632527,0.5589520820184,669.1194958737423,0.0,1.0,1
11.838482606636276,9.66924865243066,19.20102765427597,37.18972659573004,66.29194111253243,85.20019583441096,0.3109917313542713,463.86231712659566,0.0,1.0,0
11.324306156725576,4.613205651837767,10.321875566404415,21.07928799033292,32.15300164988712,36.239344261726906,0.0243883860346614,155.359988076594,0.0,0.0,0
0.9405772876162508,4.772204697755267,0.0,0.0155577791939588,5.054156382620618,42.78761093541814,0.1460669616710299,0.0342189925633429,0.0,0.0,0
1.9640283567442345,9.96148505496774,5.345936892596484,0.0,14.22719534049281,83.33964662862206,0.2919521544506407,0.0065154100737357,0.1504025228946146,0.0,0
3.0015611400044167,14.427941241598004,10.653508482733232,5.677433010895749,28.47779690986456,114.21119490437718,0.3987224882027025,0.0594247671285955,0.0,0.0,0
4.393864508575249,20.827384528242614,14.974467012253132,10.826349760457347,44.45362044902866,165.7539036448987,0.4719145596590851,0.0608282340820262,0.0,0.0,0
5.14140113268153,24.676938320403053,20.0736747984737,14.796164733521884,57.16604511956341,209.15696011798505,0.6847946983885559,0.0003134433033261,0.0467929514467057,0.0,0
5.968624741774368,58.120075209680834,25.35942156767753,18.33790423896983,101.9869070471492,488.1495622991957,1.5637954700065917,183.44483854814385,179.45001714689695,0.0,1
7.066102806298822,67.92866835534208,54.91489978326478,23.94863386953884,157.87073624832743,601.0859504835455,1.858398236252356,438.473555793964,261.93799895647646,1.0,1
8.288959669922674,82.74793066883285,76.35967406500559,54.019875715844925,196.6184612365253,616.4211616306976,2.180831176592826,796.4141768124998,330.66496841179617,1.0,1
9.463677470383972,36.37735104081758,78.47789362937664,61.895047341040325,184.26397806546,306.4162975120616,1.201517505890259,836.6308652335275,19.18208014877108,1.0,1
10.474001345005734,20.012473654484044,39.710921356557954,73.52418577802844,138.67260038643096,171.55399493260154,0.5797269931213718,595.54187765561,0.0,1.0,1
11.83364900320166,10.247141824554925,20.08585484992541,41.299134035512125,67.91204140761025,81.47044070189997,0.2336434362144928,429.242218230953,0.0,1.0,0
11.454365393080598,5.2257080836440375,11.077744755022,19.81491532215892,34.392013074124726,35.66866679031007,0.1971427767911326,177.89999676757589,0.0,0.0,0
1.028284082991796,4.753608639038225,0.0062168959577115,0.013732527096708,4.972970749783776,41.21924802740072,0.253238004564575,0.0,0.0,0.0,0
1.9725184031896457,10.342238478211067,5.051600615320046,0.0502750759240949,15.863205442823816,84.39521492261075,0.3474583111442392,0.0,0.0045147332790289,0.0,0
3.085161447482629,16.56354612330788,10.760138778605272,5.2136249934702565,32.03680805483179,110.18427240904116,0.498543299870313,0.0,0.0,0.0,0
3.920422160565144,21.524288014605915,14.911065156013182,10.236240157847188,43.38898730463775,158.95810070892242,0.4743479985464921,0.0,0.0,0.0,0
5.043815244831576,23.851042538943734,19.926875036196343,16.355131322082016,59.80006782724464,201.2151096701837,0.7705825241593097,0.0502423282541558,0.0,0.0,0
6.425874428407255,56.70234721728509,24.544531225798995,20.443246870758085,106.86746139847442,476.4979761778087,1.7377983353733653,198.7004044108151,184.75681989257515,0.0,1
6.569064403586359,68.47081559058792,61.61492407072266,24.96168525801237,156.03793929114102,564.0930544714384,1.8634239145686324,426.9932506861489,271.33086533381856,1.0,1
7.200699394804666,73.08944123111269,69.21355942312175,56.78365477630176,216.41575227652825,645.3153900549303,2.093239077770508,822.5403515069277,343.911377819943,1.0,1
9.120365170610564,37.77870033166924,72.30999102082605,80.69700759666726,180.18922352642883,318.58830461319496,1.0629645549804076,861.2532904718968,20.28981050100045,1.0,1
10.204406953448924,20.978823290061428,40.23057406780031,80.08666475088702,132.6873146035568,149.1753211915701,0.4909134842180171,668.3360287849945,0.0,1.0,1
10.268969485030132,10.038301077061636,18.58881561979078,40.36247122195672,75.74906836289222,79.79511504007985,0.2185986445933344,464.496177076145,0.0,1.0,0
12.259407514523192,5.27140608580103,8.533850353355163,21.597806443888164,36.81477911591463,40.454931664971845,0.130901747829306,179.8254680746724,0.0,0.0,0
1.1193844531270165,5.092235456474952,0.0,0.0800247973638312,5.069629417328483,39.29622688157244,0.079626928124237,0.0,0.086745949251268,0.0,0
2.0515218061088807,10.622342175077224,4.842212072463214,0.1160147353023932,14.34889715394949,68.99044539772021,0.2007760296472202,0.001677421631213,0.0,0.0,0
3.018237578577664,15.194321617431374,10.020393482017528,4.524046726988663,31.19059319730816,123.13777230494786,0.4025145037461555,0.0167569695171529,0.0,0.0,0
3.68448523323121,19.776197436705345,15.87442625833842,10.385004256495684,41.12082460273052,171.9117887694033,0.5520221930091519,0.0189425116707196,0.1087790959113497,0.0,0
5.0173323044510445,24.06525770742769,17.727753927860686,15.339471906799703,60.89208951852095,217.5834897560385,0.5149589909055323,0.0,0.0,0.0,0
6.01038500110201,63.28516508904327,24.62621163354985,19.873433316720572,116.10208955298503,482.5778860792571,1.4941380897651109,164.93066734388188,174.3567418089186,0.0,1
6.19517390136133,68.75321019842758,64.29360774617447,23.15950286663558,153.18793837799353,568.5976399679018,2.0119864696808363,416.72800291771273,236.21136497706016,1.0,1
8.287411396398703,78.57565080801422,71.23851057690577,58.16749983971815,213.0849354745531,616.8789447890008,1.9383229513871296,772.9013580055189,334.8355202004333,1.0,1
8.679259245993642,40.63766082978826,85.06544956720016,71.5414527210494,195.9192364192257,321.2522661967372,1.0713332505005992,776.8501725990035,20.20182815385241,1.0,1
9.774525550168088,18.428513158728087,40.49922148441653,77.64096272449439,154.88318780378745,144.2131779420492,0.4768764134019206,682.2215126696807,0.0,1.0,1
10.399297474221056,9.45250864470625,20.18267727100239,38.66879309288097,67.34411547873059,86.493424871562,0.1991846255374648,402.98618096341806,0.0,1.0,0
10.998980049299432,4.8647626862085565,10.241207030455866,21.03812047969809,34.449749357567015,38.59842695638592,0.1494810267788212,173.96811946400916,0.0,0.0,0
1.026577138201097,4.581126609881035,0.0024281824560712,0.0093980049972021,5.264150109338177,44.735584971900174,0.0843690942180275,0.1008109006715246,0.0,0.0,0
2.2437642559417346,10.04540070843779,4.88209292771324,0.0557439068653157,14.163899895323478,84.16903029986968,0.2549141378916021,0.00902881396989,0.0111216313186122,0.0,0
2.973509417689585,14.354522286836188,9.943050595697166,4.930401806264513,31.760949425732665,133.2255566461324,0.5046600344427833,0.0,0.0,0.0,0
3.83554307682837,21.66407035450366,14.304604208655428,10.994275731556918,44.046055958723,165.33549154330706,0.4372208008136376,0.0105163714768369,0.0528803277726878,0.0,0
4.273220848454334,24.970474129644582,17.469859305271562,15.140730673734083,59.82963361703693,213.84266584792252,0.7791996803787729,0.0,0.0239156367127328,0.0,0
6.264025269120355,57.702188765057535,25.241700262141983,19.15313850006489,108.53581107222372,458.34776991660647,1.6556682859105172,191.59447998274905,197.6916665222083,0.0,1
6.668601840878182,65.75400169586821,56.976176152516885,27.26812650177485,146.29846606692166,513.0933427444764,1.9634806868049623,438.3254159082359,242.8483926973888,1.0,1
7.424944746349855,87.79727949949442,69.62912189191083,61.285554567845566,211.6545043852964,653.2041699403286,1.8418513228211568,709.5023852867331,337.0579677000466,1.0,1
9.072276305774649,40.55384216745136,93.024681160959,72.6326701629734,202.8388647846734,329.12790846750875,0.8919162297505977,896.30962209809,21.54448292452693,1.0,1
10.669025119843573,20.69543754745242,36.509761757883545,79.0282955620853,149.43009212183108,151.17863792851094,0.5532470192263463,632.5559440831439,0.0,1.0,1
12.019485915040946,9.384209760891526,20.880873048711248,39.9263260028162,62.3051518663864,75.54804446635937,0.2976483829120967,413.18797898344405,0.0,1.0,0
12.636235773946108,4.983341577649172,11.114966288005144,17.89230974523244,33.67035312082473,40.58869261169373,0.1974261240591185,161.79221082689776,0.0,0.0,0
1.040157570737519,5.760100581835558,0.0,0.0798247384000258,4.882572297963822,37.22605875357701,0.1029598759366121,0.0,0.0,0.0,0
1.7270921069464014,10.22735047700713,4.875619504550059,0.0936434648643994,15.76206222970518,77.17899226616181,0.3098302864888552,0.0,0.0,0.0,0
2.9574821856140896,15.011312007182998,10.38369443230548,4.970775153883766,28.751071398131625,114.91016562108452,0.2173760278158102,0.0536274110845404,0.0668531165498705,0.0,0
4.2202866386359,17.946270944632708,15.851682008289195,10.973826050111244,49.8642818292104,154.91799361194506,0.570968230628407,0.0305945207045957,0.0,0.0,0
4.709770395436005,24.847691724665324,19.798025942304548,14.550384366463591,63.81798535732326,202.925037847424,0.7552704684524223,0.0,0.0197361247517899,0.0,0
6.09076864254296,61.091405725320215,24.105025405684007,20.326407611359308,103.9423213872915,477.4457652009016,1.510793381773054,162.6256246703603,173.1026785335107,0.0,1
6.743729874344769,70.3946787770122,62.10608272550407,22.967504900294195,148.06494622519836,562.0934460644387,1.87502684726209,440.76442783250417,250.07590545613584,1.0,1
8.184302453225142,87.17980074055257,65.88541934281767,64.13362303798107,227.13664194249864,686.1351699397111,2.067869025428821,815.9368084617622,317.2171177892818,1.0,1
9.380626806369634,40.74131276867736,80.61364042583304,76.49477309440128,192.12807890675668,323.29334429865656,1.00237844967825,819.9794683628716,19.760170667722637,1.0,1
10.318176236320754,19.16885849337812,39.01882933162988,78.56269599036646,146.09176604160544,162.4459064187768,0.5843984848301889,696.0990795397073,0.0,1.0,1
11.572346441122097,9.61254123241431,20.32878455890017,39.4733695232316,68.2181189452596,83.96884378889125,0.4497659611978354,411.81683646787695,0.0,1.0,0
12.755333999876076,5.118365681537924,9.831070850563778,21.208647918993176,33.14311261364899,41.8180395480202,0.140234531540462,186.86855777404725,0.0,0.0,0
0.8625579360664359,5.240929236631564,0.058185693388902,0.0042575485939284,5.009212365490355,40.39930666369412,0.1120691202726151,0.0,0.0,0.0,0
2.379457014088354,11.380914561523795,4.7714842786279,0.0,15.217008718513412,85.9674132832558,0.3942842087781834,0.0013205959288375,0.0,0.0,0
2.9228054910564256,15.099489680027975,10.440742048152268,5.582630040379271,31.914234884515803,129.56078042770085,0.4450647463640707,0.0,0.0,0.0,0
4.111844785717528,20.44232278173253,15.600854137643433,11.592756567911955,44.13558164782365,171.37866385599267,0.4522492515565062,0.0914025066466365,0.0,0.0,0
5.145021656471149,25.46993740342752,19.809812138485054,15.450733416552271,63.50199541772624,205.60515744876744,0.6765290116273002,0.0,0.0,0.0,0
6.018768777062982,63.908961781230936,23.61685033913603,19.498963236234307,107.59334941135702,477.9809050594493,1.5378829820439284,191.86084921197903,173.3492559272335,0.0,1
6.849955679929894,69.39905609878898,59.242643984456784,24.37571084755689,160.95774977476069,531.4187255320303,1.859670574987393,473.3964822552248,264.97338735006616,1.0,1
7.786890233568225,80.09608981801779,66.49041897765136,59.29924285838603,201.98703041080336,621.3092114966797,2.058159278220124,761.2992283588094,354.8490006745969,1.0,1
9.36488203737768,40.270909519985125,80.36857767494173,75.42144866976422,183.16588083610336,314.054270719476,1.195680100072592,839.7901336473515,18.69280664988212,1.0,1
10.13078461243024,19.80400762057592,39.017344951337606,78.61609166523594,140.10535252478226,158.35744379534046,0.5148425986150322,662.5521697278233,0.0,1.0,1
11.62303179281557,9.72607149228258,20.424708144307782,34.78850278599148,68.93929650732066,79.92990432419315,0.231112475611571,459.94846401808906,0.0,1.0,0
11.682201981066468,4.975579072863235,9.566785440188111,19.0058134466936,34.22446066591187,43.96951955672443,0.1794869307386896,170.56714840122663,0.0,0.0,0
1.0727771360987022,4.888285063856462,0.0,0.0423307050049488,5.418956799161598,40.91345108653172,0.0142817899211119,0.0,0.0,0.0,0
1.868512002874615,9.703985079261733,5.364920137920746,0.043376468527648,14.83666708721134,79.63190949903027,0.3551220432697597,0.0,0.0653970816749703,0.0,0
2.825447469860203,15.746292186732797,9.710595334004587,5.606405650366731,30.76502207108282,120.05400918656154,0.3448368282853691,0.0699224794299894,0.0,0.0,0
4.119160205409359,20.60723942330336,15.802137899316852,10.44495984964464,47.18598293887034,157.27889836206305,0.6127005158451514,0.0,0.0160822200356494,0.0,0
4.635882665984515,24.96014361937478,18.99983034281613,15.689299246439326,58.484745246696896,215.24643492863305,0.6927656502666558,0.0,0.0,0.0,0
6.398806798220437,61.080184294453936,22.97505466807069,21.070091186530213,98.72347738887451,449.7978039533807,1.3939712190567433,176.11300584150138,178.38206568849452,0.0,1
7.146409312832901,66.71063203894694,57.956157587400256,25.56716194715179,155.74099758455608,570.9943188630518,1.9232726279569363,433.172728131857,247.96520133162613,1.0,1
7.64748737884055,85.66515573987836,78.53349467538237,58.62579119670326,212.90807950357905,635.7841689411276,2.123727857728573,771.9162783220875,318.9010311630879,1.0,1
9.834293146104953,40.116255076191706,85.02623708933143,70.97918745596627,204.675521646735,304.3963988625574,1.0741529567243466,767.5896698442323,19.455986516802728,1.0,1
10.219301771207109,21.10123270283152,39.28584392399567,74.99603032661075,148.0249521393421,169.32889562397534,0.5329259455178307,674.0408647554973,0.0,1.0,1
11.257653843767253,10.461741830575924,19.854046872794548,41.92288764752362,71.21240705084952,71.53191581531422,0.1845005606618413,460.4742984481056,0.0,1.0,0
12.452576501134686,4.970694258997182,10.191780632192764,21.196021252336728,37.4036292091658,42.79234453308965,0.0197702770889173,174.82969886498057,0.0,0.0,0
1.0387442760962675,5.381546781037952,0.0,0.0488880612945795,4.579895780328118,41.07367061532919,0.1732313362977167,0.0525520005529604,0.0505185868863891,0.0,0
1.73875636535042,9.874348281389551,5.117834705274503,0.0650478407987771,14.765419431142863,79.3602500728106,0.3018964555984537,0.017482866574316,0.0,0.0,0
2.971421482114539,14.614362436018084,10.194256128839362,5.422209413683058,29.769300564163487,127.5035032632098,0.3561855101331496,0.0,0.0,0.0,0
4.248097016725367,21.052351639786533,15.807404071851629,10.39165232180481,45.6018014534802,144.2894490302091,0.4178650769529312,0.0324702371846456,0.0,0.0,0
5.29621913035494,27.00661800886501,21.810885091920245,14.857516699680914,53.82672156979815,204.16969955522185,0.8451159179464659,0.0409634865892876,0.0,0.0,0
6.0354781691938015,62.59379396886938,23.421330907925217,17.830152945832207,94.75926606440166,465.2015932548911,1.5775496604906454,181.5746144847603,178.85472464083392,0.0,1
8.050423621539549,70.34243552868192,58.40539161933593,23.974686180212277,155.6484779078768,525.615450525894,1.817023186941933,417.5822533685509,270.24904894756986,1.0,1
8.264966957149634,80.74344128151633,65.49626280170926,63.033130500501365,199.6444122715353,640.623013269116,1.9489873191589504,752.5429635647042,363.9644308296236,1.0,1
9.153390676921454,40.63207198856503,80.41388327605523,68.99919259718742,183.87079726247407,331.6103446693037,1.012512737991011,818.2893386285891,21.03593741757976,1.0,1
9.703022617952575,19.33297481675768,42.71295007043183,88.47113656201226,138.74074923933043,157.9795217821716,0.4765336135918862,625.7387046180542,0.0,1.0,1
11.376316679421356,9.071824082573912,18.99448703647656,42.436293124946594,69.5400235597567,79.49140774336094,0.2101511032065223,474.0055481662839,0.0,1.0,0
11.42837959997512,4.89488637595032,11.04971071137387,19.937471605098928,32.44361041918673,39.37030954180529,0.2838902433528953,178.71483342394282,0.0,0.0,0
0.8033353622716195,4.938151416380685,0.0,0.0152809894031307,4.660568288628286,38.78924297425065,0.131100154928751,0.0222509484214549,0.00685968642249,0.0,0
1.7356077055224934,10.061225240977969,4.8267539553016485,0.0,15.61839171036586,74.49394971336676,0.2794704722371317,0.0,0.0676882291079245,0.0,0
3.238551301124254,14.1856654915499,9.77501796203555,5.071879766863488,28.934173275639356,112.26052857719895,0.2693312729111861,0.0,0.0,0.0,0
4.101410271619709,18.834625218812437,14.152180336260344,10.452808178931594,45.27555944982579,166.302510155671,0.4861232562592097,0.0,0.0036949501175093,0.0,0
5.257050002945105,24.997301001255167,19.94126858803729,16.234942572685604,66.23209370380427,205.19442679706728,0.6589831118140286,0.0,0.0,0.0,0
5.647119631008477,55.12984677905625,24.903026295098964,20.961213517849277,103.91923335333404,525.7548560683351,1.8488384717856048,174.18745100681406,182.2707858945045,0.0,1
6.959005497031594,71.80764151508984,59.77694560589137,27.360114583310786,141.9693907256926,544.8087951583504,2.1509843359322742,481.0726754025656,238.4721653278564,1.0,1
8.826323873914149,71.38843943434324,69.7632574502286,56.632500826725845,219.5675788902894,615.2272243702329,2.173044450842495,858.9733992323128,350.3513077472697,1.0,1
9.507874451181928,37.228843906583634,81.15849819642821,68.95849418045448,185.8617344030552,308.4153602426391,0.9477738172048202,767.2068281750168,18.554425208972127,1.0,1
10.27187091878992,20.527579638085367,38.75176783599712,82.26260247385088,148.64458285160265,147.59326234371468,0.4936320732654657,650.4832706544552,0.0,1.0,1
11.79212323311731,9.833558219770776,20.035983414732137,43.23553639029199,63.779510425367576,81.07525163841213,0.4337926857216031,458.4445759545305,0.0,1.0,0
11.770282743954237,4.977345427021386,9.499744663134807,19.29246910513143,34.84596419109839,38.42610205913972,0.1294315264858936,190.2048863196096,0.0,0.0,0
1.0182488097705908,4.7578159664537045,0.0,0.0,4.828071483457008,38.64305146153265,0.1877187075429923,0.0342021352858354,0.0,0.0,0
1.9726929038181071,9.096403664210012,4.860644607356766,0.0004474414375216,13.933941618270348,84.50715525928179,0.282675138013852,0.0537537895414687,0.0057583533889757,0.0,0
3.0491064327798254,15.27189629545987,11.349227321414944,5.09472134155713,30.98935018767528,118.95493715398136,0.5394128108658017,0.0018152974064376,0.0,0.0,0
3.770170922985648,18.661693337993363,14.461010911336574,10.035960602920388,45.16461658859948,183.1335025212048,0.5532958127011075,0.0725485123799675,0.0,0.0,0
4.44578167455278,26.051240839020167,19.849006705193727,14.288180560455237,57.3335855239348,207.3708775582688,0.6792903013200662,0.0,0.0037421495579714,0.0,0
6.302836034023382,65.02190247143919,27.207980931310416,19.82879379015798,104.39038440905767,500.6330019329864,1.5302386207059298,173.1112222162238,177.48613250471303,0.0,1
7.081885334147733,68.7084702040531,54.44497560128795,25.536099453196734,148.5934533520567,568.263364551896,1.715069108094892,414.2797209375397,247.2168710794101,1.0,1
8.254813087958976,86.3204945925412,65.49188072355874,61.11791615751754,215.98045757549664,659.8523016623708,2.070351723452446,838.1526068372674,361.8220294828674,1.0,1
8.927264333682523,41.13781942111802,80.81187147878279,74.27090050265404,183.25541841522585,286.96880384199113,1.023638565411647,819.5049557313557,20.155483748102554,1.0,1
9.258550474790402,20.57674830279064,40.75677166381568,73.27034787805506,142.55810343482767,160.18289913084803,0.5662062892659406,653.0356416597892,0.0,1.0,1
11.330543514441972,10.011942630317288,17.87668298233695,42.808193012920114,69.72039162735173,79.44187413928488,0.2338014961718756,396.1560340356277,0.0,1.0,0
11.41392433405932,5.010008956460831,10.340534356463303,18.73297160161076,35.654401360255456,37.19494076148043,0.0630822334336882,191.0387415703051,0.0,0.0,0
1.106254884223954,5.545251429154452,0.00088636907493,0.0,4.923875652156844,39.3903043675346,0.1447824380003212,0.0088207963284319,0.0,0.0,0
1.9635761936714065,10.084013227210445,5.592829702916503,0.0775815021591105,14.20368373187637,80.74284758926854,0.3661229814838968,0.0843806576752735,0.0,0.0,0
3.0240345776846493,14.376066835825991,9.867532014376978,4.834315837945399,28.89471463184871,118.09966448964434,0.5471527742688795,0.0233519171658392,0.0,0.0,0
3.4011915699644737,18.51379053432967,13.952084664946938,9.783078057428948,44.18797302485019,145.286443855106,0.5604887490110317,0.0017278444315541,0.0571426221373918,0.0,0
5.012934201944423,24.792850661631583,19.782518915923767,15.344849797816398,58.32324108684917,209.1373160180712,0.57694819445073,0.0867500571149513,0.0516477073853584,0.0,0
5.943245915963071,57.44322968689285,23.962301341039336,20.532476164615503,105.27086704811224,461.5240912676919,1.418187099492404,178.04871970314582,177.44380766133287,0.0,1
6.862554093355671,66.65823750520259,56.92759378750746,24.736393942082017,159.9511493902927,553.6564393621348,1.8116417679065675,430.383540478267,272.44574150624123,1.0,1
8.17347092870165,85.3243341085023,65.83121625051855,60.15205639052534,216.611512761027,649.0757522823143,2.2234319710146178,745.1618170323952,313.586845373223,1.0,1
8.899745240606666,38.43019761576917,78.1051364984115,69.6317671845446,195.61148944673988,335.6172956398159,1.1314851509506985,742.9270282926493,19.588377194767077,1.0,1
10.663614283708725,18.68452450958053,42.232916664215885,78.90291785661333,136.05405394022992,161.8228990019028,0.5355381156935132,667.7810384478058,0.0,1.0,1
10.954926166264883,9.033632304818292,20.204345785219147,39.75016447134247,71.54205085696967,86.5433681657756,0.2670339862103257,488.64234418083385,0.0,1.0,0
11.928694987838398,4.554087912676432,9.738772342744737,17.741672188857773,33.70015389878877,38.98844258251423,0.1166938725862209,175.4533978884739,0.0,0.0,0
1.0176591658249552,5.131622918037047,0.0,0.0106383429385842,5.014466356139298,38.29986372210069,0.1248340050131836,0.0267460939340739,0.0,0.0,0
1.7879165061149274,9.057400074056778,5.451819332566199,0.0,16.89958998773385,80.11363435255872,0.3405624109916279,0.0290030918194583,0.0570368805393362,0.0,0
3.290696851756235,13.862789858182037,10.604100810148209,4.849518448420183,28.354377409121945,124.97499051279542,0.4806958772686615,0.0,0.0601815396808108,0.0,0
4.069730018489586,20.69486557186778,16.265447651993412,9.664299102741865,45.04039047879432,152.1169019640392,0.5329646567316245,0.0,0.0941731498790305,0.0,0
4.552141609877466,25.30057682868149,19.58419422887658,14.776596351406246,58.16261330718284,212.02448970434452,0.6126878868490706,0.0263099478045202,0.007249764934864,0.0,0
6.089979457200442,58.02633113660693,27.043708210444358,19.524699721121426,114.6945735711602,503.0010857634253,1.644817778690035,178.41565937879375,185.18765981378405,0.0,1
6.951162909936969,65.4068990441186,57.92122170843059,25.541942313955357,165.06026618625887,532.8237736685511,2.033210500355195,433.21115826826497,248.28572768178623,1.0,1
8.007963915717443,82.18150755938231,78.66109647053077,60.21361516437004,219.9328724886749,637.0163535509834,1.7613828053258234,777.8671484096562,330.27207425545714,1.0,1
9.001747487969032,41.59709957017794,77.2825605752237,70.71325441456757,169.229390392008,343.8323615831563,1.0238959424198455,843.9906805026624,20.21251374878809,1.0,1
9.803764434898271,19.84876602678818,37.33091051803781,81.36233807863097,137.80799689052253,164.0315078678687,0.4966761850266942,691.591027640022,0.0,1.0,1
12.039246542971023,10.363950565156806,19.38965775821647,41.28227074189562,65.8353454814283,81.65544180702429,0.2028324009472732,442.554541001028,0.0,1.0,0
10.327002700375925,5.174944357667839,9.559159364442165,20.998651685225568,35.227326407877314,38.18193872797522,0.2182310766675468,183.18802447074464,0.0,0.0,0
1.0178053784074654,4.753572822553553,0.0,0.0,4.366428223130866,35.68039347856871,0.1910824190596729,0.0078815153893076,0.0,0.0,0
2.11938023039822,10.213801299392756,4.990342348657078,0.0147694211515107,15.538586170699526,78.21526879480787,0.1815250433590826,0.0035360610059666,0.0,0.0,0
3.3075872086607285,14.29371336138282,10.004824191526804,5.192613100727795,31.450965082848512,111.684639561417,0.3792833255528072,0.122596119116917,0.0,0.0,0
4.191249000966164,20.500756106787065,13.319531351592651,9.55751095408566,46.84542108070945,152.79422769924722,0.5612386663842633,0.0,0.0115148314278438,0.0,0
4.916371366882437,23.443661388608565,21.82010916244675,14.626503642337456,59.53303481662705,214.94986717610084,0.5360022556933614,0.0,0.0266387731710571,0.0,0
5.960051408901214,55.8368030602062,24.78245218345757,18.4829598918096,99.56123363204672,470.49026077352966,1.616807809339344,188.0399013622648,175.81331044255822,0.0,1
7.402332537604244,65.8604475533073,60.40639517488965,24.655836675790017,164.84517844409578,564.7734257268265,1.9374347834891212,416.2374514195734,274.5999901671385,1.0,1
8.780111284857192,83.508701041244,68.69816920558391,53.64221425254741,211.1677913616455,689.8654815170592,1.9812013655663332,814.8708693309449,355.10262258446625,1.0,1
9.230262384435722,38.743131839098176,82.52898818883912,71.08417322340247,195.48335144781424,307.1024092497262,1.1292259397476192,808.5690144721638,18.67842032429818,1.0,1
10.72746136800212,19.31261999967029,43.43387134630521,81.81541693134955,143.80870409654742,162.63191430099062,0.4167933678087643,622.6857142316909,0.0,1.0,1
11.118813416531646,10.373012615574172,21.77009307221761,39.28845232072358,69.98092687310717,75.43146790481944,0.2625340450437684,433.7899816226072,0.0,1.0,0
11.094156121186444,4.972611495457972,10.106748846316254,18.981876076141624,34.90849410621379,41.7414369681507,0.0668289943755807,181.07970882603155,0.0,0.0,0
0.7911779917726702,5.904775444239795,0.0,0.0184205471091642,4.932518725950698,41.02241329382359,0.1392538914630351,0.0129165974524229,0.0,0.0,0
1.9013989142835217,10.042444485018178,5.409057352511183,0.0,15.07769876387542,78.38695105882755,0.1768179466783408,0.0,0.0719827716687839,0.0,0
2.78089486412388,13.380602866818364,10.222307610604473,4.733849653550259,28.787747934630477,120.5507352066833,0.4679718827010775,0.0915080265370505,0.0412858407086509,0.0,0
4.3094560504609305,18.53963312549249,15.203368786986932,9.672385740230972,46.15078067129642,155.26888460132528,0.6519093275554039,0.0513938995660565,0.0068779948517278,0.0,0
4.798721750267808,23.63851738566595,21.88121127002068,15.844148206956948,59.19143683844497,211.81335702578625,0.540342422146334,0.0253523559112734,0.0072260963419905,0.0,0
5.690056277816607,58.17931401511209,26.38729861752572,20.579515375578023,97.40160865086273,461.2596945975979,1.446898495028726,184.70375510492056,179.13196101288128,0.0,1
6.644328895863929,64.70304073053728,63.36982759321366,24.474434168051367,157.73787790638488,552.1872640376697,1.7063491655822935,439.8996569588516,260.111344988457,1.0,1
8.081222929744571,80.48565347535967,73.61385243966092,62.14522376738683,219.1515263488725,631.4860633639546,2.0525254676685973,791.531117980871,331.122909037182,1.0,1
8.303463858414922,40.939825651654445,79.91696637989276,69.19106984305029,193.50960185597316,312.55726776924394,0.956831106586685,828.0253435906334,18.9315334172527,1.0,1
9.487125485172632,21.121412039718308,41.604845566101375,84.92606750760177,128.5438941335878,159.49497638072648,0.5403301305093661,689.1820537071982,0.0,1.0,1
11.052542180348398,10.062827928078278,17.591763163800056,41.10125416646447,69.98942889135479,77.88334844327909,0.3356713079472754,420.4148742897472,0.0,1.0,0
12.443018231146208,4.924630883893026,10.02878479034478,19.702075024155278,37.5223042498358,37.1132668203635,0.1944472662419516,165.77524339272975,0.0,0.0,0
0.9713410512372858,5.108942810878544,0.0280625637432953,0.0117858519539749,4.94288713930216,40.849759264391786,0.207370877699432,0.0,0.0233101279413357,0.0,0
2.152789705243774,10.266175042866626,5.443167423327033,0.0,15.204881182432064,74.96536187348748,0.2526923112269653,0.0589006344093127,0.0992883546256209,0.0,0
3.178289858973721,16.231508535593218,9.618704779493184,4.901647140237739,29.3781255433814,124.23427776010703,0.3694086266161261,0.0894854385943435,0.0,0.0,0
3.9820392473357655,19.72328870490457,15.774508086933668,10.57006810041803,45.04088465405125,165.9999854715477,0.5818786136542922,0.1017066025814036,0.058567056583712,0.0,0
4.965433856785419,24.03800179909456,20.98263556870575,13.867453567577744,57.72776511952184,200.4060323193912,0.6170455301970309,0.0656828030239379,0.0,0.0,0
6.264945595695869,57.04866741016773,24.957269294811734,20.886548541166164,103.83380391665222,471.0152877253937,1.571916926107833,182.12125766136464,183.9275136041931,0.0,1
7.973400107239044,72.99154742316391,58.87452427086743,25.419189143857665,146.40508985484982,526.5665813274693,1.7754154720294166,431.4145325892783,257.1975592386644,1.0,1
8.407146839957761,71.4778537108476,65.9667315638046,57.33939937310279,217.5348462025893,624.1734818185317,2.05632134377004,783.7655914593188,363.1767175584967,1.0,1
9.21720234154477,39.26776325245992,81.9133654739454,65.970339287105,187.01175579769296,352.26939132747225,1.2217471487462257,843.2125352814822,20.55835608928757,1.0,1
9.597327371298574,20.65060765849555,39.09450851272327,75.58766674642862,139.54161395274178,151.58811979647092,0.562730883864348,657.7331678541668,0.0,1.0,1
10.100405487821686,10.280931804068828,19.67643326004836,43.326566568818784,72.29733815428122,78.33638801235726,0.2413714647690556,450.831272736898,0.0,1.0,0
11.742762099891056,5.383318760675313,10.059803459024362,21.209995414819858,34.85335908399645,35.38246469230638,0.1451215377860793,176.73755290778854,0.0,0.0,0
1.0543591488264206,5.259457126817154,0.0,0.0568668418269709,5.003816459461615,39.77522660023569,0.127870572523599,0.0,0.0273160010677455,0.0,0
2.1018258404398784,9.80897618073696,5.204061277493511,0.0275587243284171,14.720871392372375,84.52882142808971,0.289311779805694,0.0,0.0250173410104733,0.0,0
2.64500205987276,14.711767528789892,9.71414217880852,5.049133590148828,29.537205122888945,114.20360557039116,0.3853985977870043,0.0,0.0,0.0,0
3.9373337696939457,19.872954360412223,13.706703117132196,9.623692545034562,46.61065566960473,163.07953725787183,0.5224572533850008,0.0288553894751187,0.0672499242814772,0.0,0
4.27811623250518,24.99543204385833,20.583639325143334,15.12550698403234,61.05325965742487,210.94721743375197,0.6089628917960702,0.0,0.0,0.0,0
5.443243410056533,57.67436833930251,25.0629660028715,19.274400363746043,109.9598821912273,461.2073991016415,1.6700137890949722,192.71746353848428,173.8712753259898,0.0,1
6.668104097893424,66.34011943992674,55.32905174286167,24.824911201849478,144.62100594447574,571.9530412124149,1.778831532134706,431.3302567355504,291.16941700484546,1.0,1
8.351366996142016,80.87864565409551,69.4251615204479,60.49940125055481,195.80049760855823,618.8052614478297,2.095496889400601,750.3626362577343,352.7655818144283,1.0,1
8.470073853652174,42.09999702304935,87.18914711424141,70.26286111103622,196.946210275422,312.561171718273,1.043990248841488,836.5329767514812,21.654980812898472,1.0,1
9.913621814608376,18.09754878760493,38.73970295286215,77.30990328475154,143.88636219588756,152.61636178391188,0.4012761438749228,700.8213182168006,0.0,1.0,1
11.723962077186536,10.13485853930385,20.65865684462788,39.23081899039753,64.14323775590515,79.23800572430235,0.2994904601856112,448.8198101095342,0.0,1.0,0
11.553709581972315,4.80608932698788,9.715955254120182,18.4087731407348,30.55600410900217,41.9325724764071,0.1108685598575676,186.65933082421145,0.0,0.0,0
1.0227889846058538,5.071825132690606,0.0,0.0003701493659863,4.63445162738685,36.907469162367526,0.097607642473522,0.0,0.0,0.0,0
1.974869085711075,9.285429838393767,4.69617306022939,0.0,15.65761540578942,73.11635572190474,0.2476797344952797,0.0,0.0,0.0,0
2.9812430347761176,13.950405367650568,9.264992331329896,4.493343513776012,29.50489388401625,117.25583870225944,0.3491509498527343,0.0554739114810823,0.0195314611793874,0.0,0
4.124464850046942,19.210541209557345,15.149456235948469,9.923210339871265,41.67986718884849,159.20645892205724,0.6047229522425638,0.0,0.0403267113735454,0.0,0
5.004015544096605,24.347649766044245,20.04719005738652,15.974360166691117,53.85187756536904,213.33882933562143,0.628131124116154,0.0,0.0100133512500113,0.0,0
6.878964207386766,58.82365590209889,26.599433154507533,20.187778647193973,110.8189641943421,485.2311812207817,1.743841419777285,177.27543075467625,168.5338458196309,0.0,1
7.167696685249332,71.47463863047109,65.5932475094501,24.99266077629456,155.917023193392,511.32245739703615,1.8695860964759656,434.1389562191906,274.67231830531745,1.0,1
7.168555601263966,77.57092691420286,68.70936553106154,51.85701632832466,211.20324128341383,671.2384231414469,1.991000983817722,741.5395055853027,369.12081624051285,1.0,1
9.810693954794685,38.6000347822077,88.0506369207771,71.15650980400403,177.196496295099,320.64745143493985,0.973784188868523,873.2124775958864,20.58593873592181,1.0,1
10.438890592369418,19.116380753971303,43.02274780089001,78.68030974766538,143.40688702878217,164.4352808906333,0.6301324009167932,656.5479857387413,0.0,1.0,1
11.613832679416042,8.86277704310778,20.54056406833965,42.02073539474467,76.07876540869124,83.8843457348902,0.1935618035191711,465.5294587918916,0.0,1.0,0
12.786564822602514,4.7395603836940925,10.959839122523432,18.83604978625362,35.91221000171225,38.44477008753293,0.1171993536494187,200.41761066559212,0.0,0.0,0
0.8794313305260157,5.222081840536539,0.0,0.0,5.298572606381643,41.311743369791856,0.124235823614252,0.0393072682861895,0.0468360905474636,0.0,0
2.143872048701236,10.75540266402019,4.907859828576284,0.0532264166399573,14.677650127677682,86.00228910505967,0.2968077247891181,0.0252175298338153,0.0,0.0,0
2.656532609917668,14.288691239692907,9.85864660684304,4.899624518667513,30.797677138487806,133.43922403253552,0.4643595967970554,0.0369487569071879,0.0,0.0,0
3.780131143122678,19.77939306038668,15.282633802974315,9.94859011221718,48.36267019509951,168.6019712545014,0.6194106172258584,0.0,0.0156742511406401,0.0,0
4.997037007980037,22.98955184395719,19.935211346954205,15.339800707626289,60.119285263925256,193.01026805033104,0.6709758361111287,0.0,0.1416053634750466,0.0,0
5.747181372890744,59.38123429154092,23.815828458204575,20.431910121052017,114.17859470391294,435.9685833504881,1.480531769871981,189.98142214038137,173.15621634666687,0.0,1
7.218721889418864,68.4478393330312,63.28726136307162,25.08017444178181,164.53378891887104,571.7396447717551,1.6324097693557276,436.75696037688726,247.99894420978444,1.0,1
8.03192464902795,79.25786871424535,71.19142843024075,62.05950311625509,205.98931737238053,652.0256925578324,2.0496541296920308,805.9932606866818,364.6968434152994,1.0,1
9.601476025359965,39.73632951711801,74.22468815863277,68.01761769358421,205.0521520953368,334.3878448696773,1.0452476102063637,816.7444225026268,17.298926495420734,1.0,1
10.926778331988386,18.639740294166263,40.17259253974064,79.95462645148665,137.1273885972084,157.1703646713454,0.5900905470010568,693.2127623944615,0.0,1.0,1
11.617529414410974,9.062773217167653,20.187557494422016,39.20719451398636,67.99877526258268,80.15841781695994,0.3538959424298668,453.73707333376393,0.0,1.0,0
11.58084354286989,4.664235863297449,9.681494353308118,19.8321978234804,32.95922534620742,39.37694995369152,0.1895198389870073,190.1865438602329,0.0,0.0,0
1.0269852821643928,4.943331756811584,0.0799293668337748,0.0,5.162162026012524,40.68444447248627,0.1304754452123069,0.0,0.0,0.0,0
2.187089779183912,9.571720949781344,5.234733780967476,0.0,14.725283012314463,76.33622884161495,0.3539683283805932,0.0,0.1006233685136156,0.0,0
3.086320973920249,15.513503510785435,9.8797420943039,4.584906944644149,30.22212985057842,123.65237066982004,0.3535649446489958,0.0208652884826457,0.0100387758193671,0.0,0
3.859771676643858,19.889884315978207,14.179534607767604,9.32054831503552,46.37509426309835,167.36601427586987,0.5907822958407317,0.0,0.0312956783671128,0.0,0
4.924976501021402,24.74001109054395,21.85661803083088,14.944851389861745,57.67688637214,216.2845973490486,0.5700238396027234,0.0466293629617842,0.0,0.0,0
5.632103292145985,58.3211451911512,24.028525474108005,20.71406303504896,100.3283473638655,462.18110527645314,1.637198104421065,189.5477671907697,175.67534103926366,0.0,1
6.309020888698984,66.809648309617,61.820766820454615,25.638253196211853,154.3187160946287,506.98638103021176,1.9517202936836329,430.1946848499746,243.13060804947332,1.0,1
7.980383400486045,79.7542236167847,71.06891935749047,65.66101887946341,202.17929105453024,666.0404250985991,2.283944502126435,818.5765612152563,328.8796389597301,1.0,1
9.005074964841691,39.01786522602594,79.0498682418457,70.60587411325285,184.23036965128048,312.272484657871,0.919315141664599,785.0268696403341,22.234612199058112,1.0,1
10.721571755707544,21.37089293225332,40.04316399726751,76.57575424388557,136.72735170291818,151.2169984993928,0.4535207498146448,667.1257843063029,0.0,1.0,1
11.682578526126406,10.7090286904255,19.204773522480245,40.72677251831086,72.28261832781212,75.40820046626575,0.2119063525460611,425.14870996065207,0.0,1.0,0
12.689731255944173,4.576174707994071,9.620396723919356,18.6311745502734,32.83686045095287,34.69534434109664,0.1024612254468145,175.07975169566305,0.0,0.0,0
1.205327341720961,4.735341259402825,0.0698065728575157,0.0,5.445880426868019,39.49551608469184,0.1118567236936049,0.0,0.0,0.0,0
2.0431733472472957,9.814353723989369,5.189646133320364,0.0517624266406694,14.27597218602527,77.44074229747058,0.2928147417973169,0.0314088250913091,0.0,0.0,0
2.657354909896154,15.591619975483562,9.668204987335402,5.188815698770204,28.33330219109288,113.26520939844738,0.3722512277732048,0.0,0.0437157079375473,0.0,0
3.7164568087424894,20.409937784451667,13.947950218531991,9.64239939790114,42.22432192096892,151.62735576754753,0.5602927969409763,0.0339604161349286,0.0,0.0,0
4.832301405965631,26.633822747984595,18.95585868250716,15.364174006206506,63.628461744316986,207.88451286821808,0.8130190310862743,0.0250719371990962,0.034827260814828,0.0,0
6.2579123941745305,59.810935713555885,25.906224957568465,19.031210688959483,112.34600362619972,499.5444473085687,1.6785938563242089,182.01721212169244,168.1262782549737,0.0,1
7.10131332831559,67.71560334700698,60.78372644180184,24.426819844975377,144.88479159636333,572.9625050736788,1.6317218497690769,423.4461839069465,275.24605887041673,1.0,1
8.364043010699005,78.92265990891764,64.87980004181566,55.550479760104935,203.7136234122456,654.0270368238431,2.2093345333801357,788.5429905700605,355.040459715251,1.0,1
9.3999986627208,42.63443197561946,76.56270757649936,73.95308158080573,204.0415258441019,350.2452344147473,1.034465321904171,814.8231977102134,21.818244079869583,1.0,1
11.122839542613695,18.764369477956365,36.69387640174447,78.88676200535882,130.6172586105322,166.7961361411228,0.6112282590012446,715.8917544973078,0.0,1.0,1
10.998391100935898,9.87962884188656,19.48749222043673,38.44602307980319,69.05094004438557,80.48309106247955,0.247324741046036,455.67685395321536,0.0,1.0,0
11.926389043468408,4.89213290663583,10.157304364814271,20.50766677238592,33.65710280609389,43.074460804284215,0.0567744022899075,176.65270584842733,0.0,0.0,0
1.0659833562543146,5.048436596274107,0.0262804458459912,0.0545584465967811,4.760565223731228,38.50511564159722,0.1758728732219908,0.0233386222060199,0.0,0.0,0
1.9624260780333855,9.746162609648769,5.22203002898158,0.0308335490307656,14.810132091234648,77.1845118380391,0.381829315756951,0.0,0.0,0.0,0
3.3352746728185427,15.234206985770514,10.959622791760342,5.041437930233394,32.20511409711242,120.788576809091,0.444421172452967,0.0,0.007642859751225,0.0,0
3.91196672011229,20.540615387931304,14.97812336378189,10.705165968393208,40.13262659508896,153.3397428539522,0.61898700318446,0.0155662454158559,0.0019937283708452,0.0,0
4.593401067077285,27.329921785563897,18.782175260245257,15.045591334958456,62.19333183817835,210.80403044725904,0.6017245924606174,0.0688252975525393,0.0396503588077399,0.0,0
6.186667327354975,59.665744817371504,24.16539798030862,21.83992905797797,104.28655239325926,511.00953927541536,1.764477910833754,176.71343790158878,177.99942181258828,0.0,1
6.809482042792283,67.89339201661672,56.83659952059037,25.185314986189404,147.27622862111448,543.1443408050753,1.8605387583218231,405.45617232740335,248.6039923338015,1.0,1
8.120412994827849,75.1011113496476,72.12378715118453,60.382294577255,212.049247640485,650.9510701179469,1.9658246168007123,775.8866290956848,361.8258158955392,1.0,1
8.973577786614188,40.388127555354245,75.85277178507063,70.75592574694359,179.7663888109011,302.58938716479184,0.9586203021215084,780.2895055412081,19.885050622471034,1.0,1
9.472552574794197,19.45761609015701,40.521915636990194,83.41094578831826,131.06772809104177,163.61914802928325,0.5623969474180176,602.6543050193413,0.0,1.0,1
11.435956616199949,10.906870689974902,20.402256124567767,42.6905885200784,69.12824392434901,73.4737897763462,0.2287361075389367,443.9056765790655,0.0,1.0,0
11.050438167370896,5.477337400961281,10.92437064044301,21.230990066960608,36.06157474162388,39.803434372236566,0.0380392417926202,180.13436844553422,0.0,0.0,0
0.9207590524384912,4.9978782738337815,0.0347530362975036,0.040486659394552,5.1562100752468325,40.19459460789584,0.1644861213494922,0.0,0.0,0.0,0
2.166423564263856,9.66854981392696,4.790379593051293,0.0196518409311792,14.21623545328847,75.21010226995928,0.403008034929718,0.0,0.0004855292640458,0.0,0
2.7872170834839225,16.502052063984813,9.699271100274894,5.146728897467804,29.86342175840489,107.45222957474486,0.4033148298808263,0.0,0.0,0.0,0
3.963444683037527,19.871750536556775,15.27884480769157,9.802406523690005,45.70412613637483,156.16904607690157,0.5227534671720733,0.0364867431557609,0.0357474703972601,0.0,0
5.155250724328524,24.66673359857892,19.88232673835333,15.171844736385625,57.68811432500389,190.7187626970901,0.5499400856342753,0.0641840475553749,0.0,0.0,0
5.878478855595676,56.549874005044174,25.16309248171459,20.24572805249402,100.92543993548472,482.2327423467014,1.613500006909529,174.45194677300495,187.33867289378117,0.0,1
7.435471369157215,80.52668161270593,59.35061817010023,23.22740531807568,152.43422147642323,535.8317876918982,2.0105502747340225,424.6010976462919,282.3699942881019,1.0,1
7.280844801801971,78.28688097436877,62.478170551881945,59.19331369541636,198.9239262045019,693.8302494165264,2.085821436950944,802.5486049767444,346.44588884645447,1.0,1
8.76411617304511,41.335540759130346,82.05251375044558,72.5028537258984,185.63628920407987,327.81506301880364,1.0295817250558903,725.6926953065397,21.36477089495025,1.0,1
10.02447827148267,19.64955260999681,39.34935356629872,80.68140082582562,135.78882331233666,163.37777619736917,0.5391007431059048,613.164950993545,0.0,1.0,1
11.802933042309323,10.87415838856923,20.155237677715327,41.47839530266089,67.42763805004165,75.869718764238,0.1706868152127761,456.974343304482,0.0,1.0,0
12.414856921227743,5.107167096434929,10.128912656715134,20.653605320109488,32.22902959590939,35.04860073854241,0.0992019934753242,163.80005144788194,0.0,0.0,0
0.9859230019462054,4.816034307021461,0.0,0.0120943138453613,4.371073423421535,38.16557604932604,0.1288546009295139,0.0034539274251094,0.0519652213334927,0.0,0
1.9258592969520951,9.775509787311456,5.351672596653522,0.0,15.906262863265024,84.19400341981053,0.2424052192371169,0.0,0.0,0.0,0
2.8062243797186484,13.911797847361967,10.388385499785624,5.193230080387166,33.002231137929634,114.28603141952416,0.3020424920863355,0.0,0.0,0.0,0
4.139849291872531,21.99936246206257,15.061080985534348,8.69001842801963,48.54882187274726,146.07526335106206,0.4651786959413588,0.0203754316640306,0.0048205389665479,0.0,0
5.306607223240936,25.61297573294954,18.76290371358569,14.609157851675976,62.51245470837051,178.92536370237883,0.6557052284733065,0.0077888352476671,0.0,0.0,0
6.246202910598773,63.86670645979879,23.538921341254056,21.712652672775825,106.27701292140594,512.648416211842,1.757893755648371,186.4937834863468,197.52893084032956,0.0,1
6.728053237545038,66.90159570084903,61.12685849812368,26.64747686220784,149.92301879449613,545.815134991446,1.9458426315172028,431.039129475522,252.4508708597601,1.0,1
7.240600226715498,78.07176933934161,65.18316764976313,61.4739555619215,208.15141559259328,657.1140585558788,2.292658904069697,817.9932256508808,351.0633806329714,1.0,1
8.929860273395413,41.53800455441694,82.61060249568395,69.23317452809255,185.9012922274247,346.9938520835857,0.8641370035040504,775.9303078728345,16.685132105739072,1.0,1
9.684710869795389,19.136214501477696,39.95828655216597,73.9533169263545,143.647707334555,151.87222801649858,0.5097922494001562,637.2536492872999,0.0,1.0,1
10.681827217745411,9.663852686912334,18.90624241099044,39.5030060460965,67.14605121832679,82.11042227938366,0.2644775382025127,395.002728475546,0.0,1.0,0
12.885421080273344,4.640033080334152,10.216192705120468,19.63965405323944,36.309275997057874,40.76004968603535,0.2226496778004935,183.71575576378703,0.0,0.0,0
1.1516237478646394,5.761405030742632,0.0,0.0,4.588128755543309,38.86795602095126,0.1431078124528922,0.0,0.0287257387683605,0.0,0
1.9073496696943624,9.400300258132518,5.0702573467058425,0.0,14.649980208756997,83.50730039834441,0.3298147285109966,0.0,0.0288525483955167,0.0,0
3.409907844769533,14.6413883791932,9.704655158964282,5.074746385307134,27.313697214390693,117.6433492690211,0.4309250141550278,0.0,0.0,0.0,0
3.811930111944508,19.438593315619546,15.20559798773435,9.10378050879069,45.14949448066547,150.55535230849802,0.362683895579398,0.0465452876184406,0.0021941210254853,0.0,0
4.621986041467869,24.91149545437323,20.83143656975798,15.544474819269146,61.15850778708245,197.60195344926703,0.5421325739792227,0.0,0.0104047195526089,0.0,0
5.876782973247434,56.20184394590287,23.73491001077488,19.00721468697895,109.2060769433358,466.2769218164223,1.5889056765148013,177.95595972045157,170.90256259987422,0.0,1
7.171678266519756,74.01971764068917,58.66996944896047,26.70436892892257,150.5129795703722,579.0851600770694,1.8413475424053491,479.2305537238251,260.6087596313198,1.0,1
7.698926421044435,78.70632792841373,68.09297595473973,59.0289187655704,207.25865152338383,655.7072569474508,2.2465682175923343,784.9766620904597,338.3325768786289,1.0,1
8.85816209133947,40.67698654563696,78.08301668338487,66.06058082589195,186.4257864610165,313.04027808574205,1.1381423422719292,800.8425538322205,21.593948249161095,1.0,1
10.161383131753292,19.71832560148433,39.502200592870814,76.1538629224204,142.0042891643584,162.6940918118088,0.6108431395591623,649.6954159901267,0.0,1.0,1
10.331877687939382,10.41693028024633,20.900141270442933,41.93824008245134,69.03803278224301,78.70108539051527,0.3066943517661104,417.34136015749846,0.0,1.0,0
11.112649176233528,4.460111821727489,9.689204977841127,19.2368071159719,33.11324955772779,40.59693397803144,0.1240657440286029,186.29848078889867,0.0,0.0,0
1.0224518795570536,5.058455824921988,0.067827651093759,0.0,5.187008653581777,41.08171804516597,0.1681046833540754,0.0,0.0266857706844115,0.0,0
2.1650161005316337,9.469851243790204,4.805741632737317,0.0066810584324402,14.98648042070515,76.5003357685971,0.3717191197496007,0.1123614765658737,0.0,0.0,0
3.017713411090841,14.069306264292802,10.13723986721479,5.278470747232528,28.09531001847226,108.94601435824556,0.3951697887240001,0.0,0.0425614164187757,0.0,0
3.890905324665561,20.81617338964761,15.186572561345812,10.512240272187515,45.74733452833182,159.84446232106637,0.5832513346343136,0.016209665694466,0.0,0.0,0
5.203307676594183,25.86610615104225,20.757776882888063,15.959508133831356,58.83236255874301,214.87126902100871,0.5588293339010918,0.0430300865208717,0.0226455699144022,0.0,0
6.227277381544695,61.085342355846194,22.95960107034202,20.64730179315095,101.62038052676414,476.11001481498647,1.4465146799081017,173.44807544454758,174.88991283253492,0.0,1
7.536207803391056,71.69155996100959,58.98824989988631,25.66084052925818,159.94158440305847,529.4363064268889,1.9742847013564797,411.8298318083995,262.00465551676047,1.0,1
8.397298503058696,82.73068668027008,74.28468401110622,62.444931022530895,200.53115844973533,612.7102435407132,2.1920171667599857,768.796791910307,321.5065576989858,1.0,1
9.336021539978807,38.42930116490868,82.07039361718755,71.91500299932521,175.9892575493741,322.51758535586697,1.171506145100098,788.3707276980166,21.215713370859337,1.0,1
9.56494633939156,19.18534216774332,40.68013673375498,84.88997067606292,142.71272266432476,151.90638935848523,0.5453413112769029,657.2497566606133,0.0,1.0,1
10.534241362864526,9.272776240266037,19.33424264392466,37.61271129866676,68.53350635226735,79.72235522405595,0.2145453510755954,440.58827392942703,0.0,1.0,0
12.095158849009897,5.178357072121207,9.603668925050783,20.661229450106852,35.41248242676164,37.78991306738752,0.0437766045152479,186.3662010030983,0.0,0.0,0
1.0361669466621104,5.078791951143096,0.0,0.055305272897495,4.5730002948923705,38.1504135577432,0.0828067344330199,0.0,0.0,0.0,0
1.7751081075415245,9.771109751937324,5.220547338196327,0.0459087061181552,15.522922924047975,83.51969806984987,0.2680449279096797,0.0183414194465482,0.0412475953233251,0.0,0
3.1007634650794564,15.672212330306538,10.356937413403694,5.177005331741669,29.44005783404254,120.80706770387503,0.4045138465637427,0.0,0.0763684817769635,0.0,0
4.08440766479058,18.63723093514741,14.841065905849833,9.549573968400882,42.84835850612747,174.26200195218877,0.4902825837397483,0.0,0.0956329380976102,0.0,0
4.367518016597519,26.162833544498085,21.193301191541543,16.86203600675427,63.81421326313385,226.6491873293168,0.7113721255469199,0.0350389400852552,0.0039322881789555,0.0,0
5.742926009683745,52.819902944411766,26.27060513981392,21.555403660923343,104.21853140905924,488.5443340888678,1.8570157267425629,181.67028503135492,177.763608418807,0.0,1
6.879326524508968,75.581457895572,60.38019778762648,24.94467084191576,155.8411838175036,552.7210618287343,1.9691526845175908,472.6150605766247,269.8912284930647,1.0,1
8.085178172476217,76.48842174502516,69.19799351623485,59.31913202911534,220.9597834909104,668.5487636404945,1.98356212421098,740.8619407062024,312.50026642791386,1.0,1
9.261760726590875,39.65030992531812,78.4447591342708,71.00255361560399,208.9542314082429,322.30589842747065,1.1163720937129111,865.8194201752325,19.669283215569788,1.0,1
10.4675004480925,19.36362319859662,37.89746260748339,79.58671375577622,123.33624573920416,155.31609589536316,0.5671936481769727,617.6807982043152,0.0,1.0,1
11.302951735303289,10.249423780003372,21.908578026651583,40.25638154944537,70.00732967419776,78.89181437755926,0.3470065687078825,430.2901371004928,0.0,1.0,0
12.230854518159155,5.461066525326842,9.85086938674872,18.780921079971197,34.07233726253949,36.847726627674405,0.1327344829696652,181.3926459672041,0.0,0.0,0
0.9647236644580772,4.564962599068875,0.0,0.0123515362538634,4.9253106456143545,38.24247376683,0.2322083664405626,0.0550853185708685,0.014811568494648,0.0,0
1.7866965742207068,10.278261103839643,5.349555045930652,0.0496908900524753,15.331268456344302,82.06526969570167,0.2712408654519727,0.0557231493629358,0.149013600936828,0.0,0
3.0608824003714514,15.32202502464296,9.995084476439535,4.857197339979009,32.45820595380127,111.62135161607895,0.265454816425282,0.0777254218476322,0.0,0.0,0
4.268465973972997,17.754497773702905,15.696333624744984,10.408039697378364,44.2740708779254,151.48606304048212,0.4280254856437819,0.0,0.0263774022834812,0.0,0
4.579741518895374,21.83476720378996,19.87541950188162,15.608012759886812,56.57825608110865,198.6903223727,0.5101645359100767,0.0,0.0080785813410851,0.0,0
5.363023581605018,62.35189327681066,24.570962360996337,18.99050239057762,113.65329215766192,482.0744688512285,1.7165994146427823,188.91423037950383,171.8471975452752,0.0,1
7.263932949620083,66.24647575754946,54.5171109667925,24.351953753912337,144.57342493942784,564.3979162849648,2.011238723201868,449.3445951388054,251.43363541084707,1.0,1
7.798959449253056,81.74559802982127,75.63384598070428,56.859809162260994,205.26458822293984,663.6027626377211,2.2855480709704747,730.7478090808082,327.9345141409933,1.0,1
8.604500612517025,40.20679276051201,83.12269983542042,74.122812899252,185.19451048525747,289.2920349956524,1.3130647475246615,788.9480363725306,19.32457247487475,1.0,1
10.198080823512502,20.720358396857563,41.71978885378257,82.03663725940157,136.3952304839822,168.70438637079727,0.5880268896302152,596.6760199417376,0.0,1.0,1
10.153411346838388,10.788033738457663,20.34861290890316,37.90492924995948,71.05929335032539,87.46631270105125,0.3567197210028427,395.0192590850616,0.0,1.0,0
11.67208822928202,5.110525321034929,10.483045386028584,20.25424614799552,36.69945378946748,39.87970870878792,0.1471863930885791,176.01198835180878,0.0,0.0,0
1.0599814159646253,5.164897237284714,0.0,0.1517857228003021,5.642036498831778,39.28625699896025,0.0667137898750887,0.026720040672036,0.0443490582038909,0.0,0
1.9715759614754744,10.765936703210594,5.036711408019063,0.0772355041041777,14.669473406640725,77.19233714460333,0.3123885630587956,0.0,0.0,0.0,0
3.070044480381229,16.87831457348971,10.1021531052647,5.189377668047954,31.049029737257296,118.29379479978635,0.3820879986503378,0.0,0.0503750473589901,0.0,0
3.948281280356909,16.933306348227273,14.574996937903268,9.6217825863139,46.00468645904567,163.94586252699185,0.5286888566362555,0.0,0.0,0.0,0
4.660265090966017,23.40041414132553,20.944013380804776,15.707818634651852,63.49937261321127,181.4999386912968,0.6201892657319757,0.0776250770656015,0.0,0.0,0
5.36080074520915,55.56774244485428,23.633776459147484,22.427400356013763,102.54705765766109,486.67552256254055,1.5693154029125114,194.30103534074945,188.66024112006843,0.0,1
7.760655684796791,64.0418068296554,63.08834958281619,24.245637188250985,163.16207664687002,548.973419139217,1.8210461140412528,445.6835071021215,264.0933862738145,1.0,1
8.017144636052953,76.92129429247977,73.93403230803528,60.47262884498202,200.2410440298829,678.6698871481141,2.21964820169,803.6369115155169,346.6191461586425,1.0,1
7.806464851655999,39.14494373450893,77.89678155528321,70.38835930493939,179.89730886998808,301.61204386944115,1.0824822808357946,765.4195807631387,18.581805798155237,1.0,1
9.846932352718028,18.721432488545997,39.16032463145934,72.19177249384684,132.9163199208989,158.89315316836553,0.5132022610413748,641.5356753415853,0.0,1.0,1
11.39075080519915,8.879623539084825,19.667285077342594,40.24112013319539,64.11294334031071,75.45651589096477,0.2332160354530544,415.6429435433016,0.0,1.0,0
12.196977292548109,5.192478886016659,9.535859948489236,18.734896381781283,36.52467398103364,42.540962077471214,0.2273214976387617,191.8721158028896,0.0,0.0,0
0.9549154272579262,4.622505792805018,0.0,0.0081170757464618,5.203479459714968,40.43965315931905,0.069001064844531,0.0459224835291334,0.0,0.0,0
2.1598675702923043,10.126728644505096,5.350119709849192,0.0,16.304333241413552,82.43639687820996,0.2628596793713261,0.0124014768794856,0.0397857502414444,0.0,0
3.331005815612883,13.539186929778802,9.706950932174053,5.117629800297997,28.926933010153785,124.06650759308476,0.3827213318636203,0.0,0.0,0.0,0
4.188252514816708,19.213513392249787,15.56156229405794,10.672670411873009,42.40948687168805,168.66605945576265,0.485717891230724,0.073361597336952,0.0,0.0,0
5.128609158197978,20.82283283196295,20.68782965864384,14.86167947546674,63.60749863942767,198.262018307282,0.6167297891080782,0.0,0.0,0.0,0
6.3427009272839605,62.97641047318859,24.52326253776031,19.47422875052652,112.42238122252698,506.35663639847496,1.5569102434745927,160.13577277114615,173.76966551116837,0.0,1
6.793628173308918,63.89711369558097,57.17196449838278,23.587049852301195,151.34628952707644,533.1820620621384,1.787659781735687,432.6746908639541,257.932817455125,1.0,1
8.345727065281308,70.89953864585031,70.92517132274793,64.71206221609616,211.7205167973117,645.4382302838924,1.9242729241895755,820.2225045256746,326.48464209818746,1.0,1
9.342933335857918,41.30825410322689,83.81452400821381,67.47282791561796,194.4276542911626,334.5025760914353,1.2066520146556077,755.3228424817486,18.81892244317981,1.0,1
10.907820903196274,18.80509107301547,38.48644814082611,82.79705986243899,131.6081099493028,163.9085988434556,0.5421348626039889,642.5993742652211,0.0,1.0,1
10.92248285220231,10.095828018940628,19.6277796960384,38.015696461920896,73.26609539107403,82.109940864201,0.4252066937930633,417.6255631747417,0.0,1.0,0
12.084648988401003,4.9219208396495056,9.886708125026114,18.56208138594042,34.843511605767134,38.89902529413673,0.1405235384074399,171.8937965578373,0.0,0.0,0
1.1674081508482923,4.963539823385428,0.0,0.027286105223171,5.066457944074829,40.0770946521446,0.16508479315072,0.0636718239497389,0.0,0.0,0
1.8159983174667376,9.874057915469317,5.21749228184312,0.0,15.894717959542367,74.8102700800266,0.2514593111988802,0.0397336655282008,0.0761222075435552,0.0,0
3.263396021192735,15.957192201707723,9.894916253706084,5.146752066143804,28.411784085286605,111.29327107589864,0.3678599270793464,0.0183312429413206,0.0,0.0,0
3.756801654425873,19.072621679732155,15.608507843636865,10.050330974913232,41.37120528214189,166.38085724346342,0.6192312369862816,0.0,0.0,0.0,0
4.847132603330714,24.46200038840877,21.215528430046053,16.638817395433477,63.78700531824287,197.3500148732205,0.7749589699180378,0.0,0.0246567683501602,0.0,0
6.061034381991434,60.1653490519695,24.51419562009331,18.305344620969485,112.49622079321084,494.0792998866416,1.6215554057134969,172.50388827317033,165.92508322271783,0.0,1
7.129374556629408,68.97587546451345,57.75813783812356,26.78152890956629,158.6624637123011,562.8687513403693,1.8765218352395965,429.54613892467694,267.6404736739379,1.0,1
8.139230744022491,84.22642739099331,71.42758586956484,57.024657491899816,213.64511562838388,661.9125334140317,1.8558481371167723,792.9110517342613,337.14861225146626,1.0,1
8.577908971222366,41.57718861627495,77.64905448380497,68.37749459027795,192.2082283444973,340.3436356594394,1.1228173752339257,849.2259508402644,19.839536611641996,1.0,1
9.732139782265408,19.85960718697253,39.24542211329732,86.53193294894494,137.09087844915808,158.85445304557666,0.6329142907904322,683.3376665904779,0.0,1.0,1
11.985623985515875,9.599216925586404,20.267113488948404,38.65792959603406,71.98804637335328,76.3772364949228,0.2898166642822295,415.1722072616533,0.0,1.0,0
11.867311190528046,4.622649856120588,10.970523825724849,20.928723466541317,35.4659448613135,38.49672893305315,0.1637361657566209,164.4833533204475,0.0,0.0,0
1.0410585010597482,5.141696521853015,0.0638127382194335,0.0,4.982136972157122,38.077979071979776,0.1529249623653825,0.0,0.0,0.0,0
1.851919576689908,9.516464541503565,4.955288104935476,0.0,15.280111846999846,87.26855564142978,0.2839957007926538,0.0064382144108259,0.0575883841901475,0.0,0
2.9473636460464205,14.799319679441314,9.918679956802409,5.384003983131589,30.77626383510554,121.5651768086673,0.4939363558962024,0.0,0.0874597925407711,0.0,0
3.554819412659173,19.10524663303644,14.59124021943121,10.859910252574124,46.86505862972917,155.20296496293304,0.6189128444827202,0.0040077265501372,0.0361045209054309,0.0,0
4.713687415699473,25.77649649372952,20.48060231110639,15.902553166369009,62.74873369586188,187.585135178406,0.7813204829636418,0.0,0.0484605865663266,0.0,0
6.372914240961643,62.46677153379544,25.63465930895413,18.851120378986824,105.47837863141709,455.3345381253032,1.594361721731763,177.55563088596313,185.1944435072828,0.0,1
6.806480102212683,73.73405603625952,57.76662054798479,25.86507483541883,156.41386551524346,559.8536049234866,1.7245560904343082,445.9554638259152,265.3719201935141,1.0,1
8.513839078714062,80.5109670772425,70.5552613300493,55.63798869371352,200.5750889170775,552.8705579614933,2.301713437772638,843.7218134923254,342.5098128351455,1.0,1
9.540384056043216,35.34054541422788,75.1625844837426,73.86151737010825,179.59837495907266,315.53811522144093,1.1417820651747472,753.4002507108356,20.069773687606684,1.0,1
10.264891572625553,18.578136363377904,39.34297711924148,85.96786610563245,148.23992576054528,155.7461678043964,0.4783370686796562,673.6355907145238,0.0,1.0,1
10.77237516006678,9.909835103878084,18.83184070809033,39.31431915350131,74.03791339885987,76.01766198435915,0.3039109633344883,422.8862886243253,0.0,1.0,0
12.289435182181284,4.289044802453452,10.10195683603151,19.525289506342556,32.5415654730794,38.892494433058665,0.1872675417831362,180.5568198826728,0.0,0.0,0
1.0546130134662677,4.792605471346182,0.0,0.0044541984229509,5.141021225090734,39.24761132837327,0.1369946129951512,0.0,0.0142046338844586,0.0,0
2.028889073207003,9.984595021649255,4.76880515362267,0.0,14.84160681967992,79.02590913519718,0.3558353401409534,0.0,0.0,0.0,0
3.19227069757074,15.21041718263817,10.427789679728331,5.1774738055809095,29.58667747210507,126.61047851567788,0.371010800296588,0.0,0.0319163086332927,0.0,0
4.429216452731129,17.883577944470712,15.266530102816994,10.447269289718337,44.84970443285221,147.89150085539796,0.5567226672262809,0.0536360393674821,0.0271874541000387,0.0,0
5.091212897755929,24.894252092543525,20.251164435365016,15.916713342630514,62.4180299444906,203.36778165175784,0.5166170054558472,0.0709991999101954,0.0,0.0,0
5.893822276593929,53.056872256206645,24.659320624288775,21.051803190484044,105.52788468067476,469.5103092958763,1.886252483779666,183.19384419115312,182.1646910144653,0.0,1
6.971601899156618,67.89072924436866,57.05074599919753,24.461898911104303,150.60457033382266,556.2871655432085,1.9116236736191383,437.3338937228969,275.2119985352765,1.0,1
7.707769147390138,79.09587481990913,72.06737609200216,57.25580036113883,218.7757539158845,617.9715575179436,2.519586887258718,739.2777690109646,325.1467721700143,1.0,1
9.807468733983342,40.80657869970072,77.13561144861468,66.70315621952219,203.9692445188541,309.882625026021,0.9853289793436762,892.229461748199,19.56805350480326,1.0,1
10.119799333224789,20.29679006739122,41.48009031290925,81.8454263428666,137.50960594949848,157.87732995741038,0.4789979433871655,646.244391361472,0.0,1.0,1
10.47159470543075,9.956836614030376,21.192725995100787,40.225555628929456,64.49506688584216,73.68599305808456,0.1054762883584788,456.4016602111429,0.0,1.0,0
12.69211763243569,4.823905370755319,10.219231892672113,18.562454468127907,37.10826100973055,36.166186746956456,0.15748053854598,194.94726487264364,0.0,0.0,0
1.1410538834184658,5.355736882910562,0.0,0.0,4.8334021530058,36.59520399309201,0.1552540145796776,0.0,0.0,0.0,0
1.7042291158413292,10.660773857634316,4.563922880716937,0.0516777221775283,14.79008067927215,82.98919939323892,0.1610102179296791,0.0313917684663441,0.0,0.0,0
3.124115799429087,15.854679677923649,9.196061797726529,5.085113754430852,30.27073005470268,119.68757651589274,0.4686366554933934,0.0,0.0,0.0,0
3.812647614076496,18.047742563110116,15.088327442016167,9.784886986996774,45.60350836745842,158.06626172828902,0.4462725359736545,0.0356271973175257,0.03344451395417,0.0,0
4.885595391220513,23.151035365787457,22.178538096844253,14.968542086554123,57.8216380111798,204.1414601773725,0.5390286208428663,0.1129984542417306,0.0507325288812837,0.0,0
5.926779388418758,64.52949242543717,22.87079670927712,19.39998941000237,106.6101530620006,465.1309479272329,1.5541952228401943,180.6943792474402,173.52286246902835,0.0,1
6.548111720821143,69.0635361855942,56.673414739513376,25.03843353643752,154.58348660727228,562.4573034953955,1.5848189405830182,461.418782922291,255.6493818130656,1.0,1
7.924174956766681,74.3729714648788,71.16965709757653,62.12398142497484,218.6178631679287,670.2083123679489,1.895629154746684,807.562508862542,370.0109923337577,1.0,1
7.6540409297568255,43.68630499440168,90.19551525284103,71.92132117172568,184.6136241771175,307.4740709217065,1.181336693430356,862.8597313857412,20.17324078720714,1.0,1
10.798125805300804,20.31958805451058,40.03899136624257,84.19998789879051,128.67011715176434,154.4723412712254,0.5453871021308901,627.8063085808726,0.0,1.0,1
10.923049022211632,10.58555101764839,20.444385778793457,39.69215306625132,71.55921280367421,77.3179529446246,0.367937745400172,466.244234281397,0.0,1.0,0
12.21340764155982,4.579866177729166,10.22013572739862,18.00927970472194,35.73319137568081,39.99539833564862,0.1309416318148054,168.23784552341428,0.0,0.0,0
1.0536773817862075,5.215295405752166,0.0,0.0,5.310541082780247,38.85056856867482,0.0208621897722075,0.0027084465870864,0.0,0.0,0
1.7466733124936384,9.31382632843017,5.020866650834929,0.0047308698839673,14.67977933014878,83.4417575748302,0.2804160026450846,0.0,0.0,0.0,0
3.1815076759032213,15.378359711445905,10.381190786518069,5.320857470681261,29.043419086953957,114.09741465194824,0.3537197084987826,0.0,0.0,0.0,0
4.160047487624908,19.118809052569787,15.768237307827942,9.448139562879543,45.61229763143788,171.4127044903532,0.4773082524049427,0.0,0.0051576874287134,0.0,0
4.597682728334548,26.49464216615892,19.080976004706194,13.66210874573655,58.0787254117452,194.54555513060004,0.5774421466532088,0.0494001588177589,0.012761187409501,0.0,0
5.981221257650137,61.29754153085075,27.741471299131543,20.7592129702537,101.16319437439611,494.0185363454225,1.4680174614172683,195.51425627134756,190.5403436036092,0.0,1
7.289375711955516,66.31906342520826,62.26305175759032,25.78768258920672,155.60353423633845,534.47563346436,2.219535895925196,492.4448151391149,254.83592504109996,1.0,1
7.535223375894354,77.01742023240297,72.75975516598538,60.69135770641137,226.10390983495503,639.968584659201,2.0710206657180974,828.7475900894416,322.3472201519756,1.0,1
8.319144908272834,44.284244578051165,72.02305067377506,69.00848517107391,176.33851866239223,324.83512693800884,1.0930145073584687,792.9163619061812,19.12093997029877,1.0,1
9.928996791610464,19.62648800622712,39.44060011181976,73.96921645749812,136.1095635233719,150.1984046371918,0.5019448958780219,649.9415335993209,0.0,1.0,1
10.747137226698582,10.02499318834372,21.215089054813298,38.13358460512525,72.03713203717591,77.99524469569452,0.2484659663578999,467.9769782725477,0.0,1.0,0
12.705989730481091,5.197352799099984,10.724818413132809,19.892300588865535,34.49597778293124,36.20670083324568,0.1182939471365632,187.45753362994105,0.0,0.0,0
1.0195085624333085,4.50455145339062,0.0,0.0,4.68695880807374,39.88591425333582,0.1541213269517062,0.0,0.0157385979308982,0.0,0
2.011603364900505,8.478455566905582,5.075247598093446,0.0336037374358582,15.712111995742722,86.11070710432602,0.1577708762327612,0.0399879348748946,0.0866129251957226,0.0,0
2.8949213523835584,13.93389606849687,9.901620824564704,5.424663556077674,32.20847867350509,116.35342839244424,0.2938437467834304,0.0,0.028518852091746,0.0,0
3.474153010188318,20.804409920519348,14.73146222424526,10.17007048107665,42.59014715379745,157.07792049507273,0.4052767819946715,0.0277043364057433,0.0,0.0,0
5.176400016081108,26.64033522914789,19.647816019769603,14.871906919267964,59.90226206850161,194.47241246539497,0.7157224674199624,0.0,0.0068208727136974,0.0,0
5.887870108006649,63.133712048537205,24.82389548732993,19.607680299945123,104.37123028220392,456.5055117117936,1.6698869862862724,189.9699721096192,176.34077625002763,0.0,1
6.94976438880819,70.69674092856344,60.03795101581318,24.9761807353782,158.27386430785572,584.4759545393832,2.0295011402808405,440.2243784124647,273.5995842454984,1.0,1
7.821624709958962,81.73157559944823,71.84084584451412,63.80763400180688,219.44751954327407,632.3260119289276,2.025166634772515,790.4157327709814,313.6200370264089,1.0,1
9.02373782546498,42.15256550022708,80.3557930038389,72.1895923818249,202.2474323196791,323.94238773141376,1.1529583730363446,841.3753778500921,21.088022468228857,1.0,1
9.660469380009866,17.737561982678113,40.31914411108676,72.32688167193432,157.53833006284324,166.6108429622267,0.5892734481074323,696.6469102049407,0.0,1.0,1
11.014417363039884,10.002896291502523,20.26221169018267,40.95570952708098,66.9652215156457,77.11129342042112,0.2719536534448115,462.2404667955193,0.0,1.0,0
12.226900178962175,5.647394805890135,8.847534331066019,19.67559586495157,33.39649937837719,37.49328337576054,0.1870263958036832,170.16516363391236,0.0,0.0,0
1.1361881793888853,5.118514293074788,0.0,0.0,5.037258053689033,39.06715260498376,0.226503973903278,0.0269897599710734,0.0,0.0,0
2.065822570579277,9.935583492959813,4.831081413397073,0.0,15.922602275550505,79.23255927610138,0.1976434811945495,0.0,0.0601584407056741,0.0,0
3.0633564923464247,15.5103474143164,11.25126650820524,4.461052099688956,31.832830774589254,125.35370401183076,0.5165012925497303,0.0,0.002099341237017,0.0,0
4.233669460697843,20.289382060129554,14.778099902699742,8.875654788192147,46.54773325209371,164.5534384712574,0.6016920088615495,0.016124235086204,0.0,0.0,0
4.7475639798845,23.971769191274515,19.227464819447235,15.324470243782844,57.171444799899625,194.07692660973797,0.7319304581121019,0.0,0.0,0.0,0
5.565016520750565,65.88827384660726,25.343538952724717,20.388556472875923,103.57065124529132,478.0303744662245,1.717666305820844,170.15095964395908,180.84804626966508,0.0,1
6.493006949239871,73.71430357118531,55.88222905647292,24.805597004605065,148.71730724405083,554.5291187898817,1.750804839017272,431.2448723624033,256.28043155523693,1.0,1
8.524737749608365,80.43496042674447,77.4495223523129,59.13354480557521,212.2914504592776,647.1588682591811,2.5396794070373803,743.0505403462812,357.8071832289144,1.0,1
9.327193208504022,40.32715143519088,75.40981681067612,68.69975865863638,186.7010263809172,332.65006557658774,0.9655494772065903,806.3733679066723,21.850492201059296,1.0,1
10.987218682034175,19.941214538677173,41.51224897302343,86.69231064419961,141.22270950320362,168.03625344722968,0.5430690179290455,641.3107144211353,0.0,1.0,1
10.567185282112847,10.323016520730704,18.14056459650077,40.52218939200702,72.18444276359558,82.47092159540391,0.1109673275930146,456.511135822545,0.0,1.0,0
12.180771060860192,4.6810218526325045,10.451280166336163,19.97579089242699,36.51833131149976,41.1867709564607,0.0985738853773167,171.76469190645764,0.0,0.0,0
0.9639513288831352,5.358789681187087,0.0,0.0,4.97807374548821,40.77975555879774,0.1283385786710994,0.0095082813971387,0.0088193245076732,0.0,0
1.99959895279776,9.814990912653984,4.503117934892873,0.0,16.57961860481324,73.62751430079477,0.2343102154032201,0.0059010461417097,0.0377814542385433,0.0,0
2.877074205184805,14.085469400539942,10.13270648484598,4.626004382088477,31.96436398153691,121.06251649473576,0.3234693530643856,0.1162932845210423,0.0,0.0,0
4.037793951518982,19.734577367362025,15.633451668069991,9.307198118820724,45.97364594356307,153.34092994956086,0.5453917090082553,0.0,0.043586225431446,0.0,0
4.966211916186775,25.7656919116452,20.101333844243083,15.472198613341446,57.3812337276955,196.56122502081837,0.6230405855793717,0.0665613253270366,0.0305604944291173,0.0,0
5.99804624838111,62.8834328203659,25.64715336803956,20.101599215709644,105.20858045136616,498.9920817767261,1.8093291635513864,185.0296139652719,177.0116334086986,0.0,1
6.314296819820776,64.93323384803803,58.17039912992742,24.16256581544446,166.3056664318541,574.6577531962245,1.900125138561341,386.8095625167112,244.45670496052716,1.0,1
