rainfall,lag_1_rain,lag_2_rain,cumulative_3hr,storage,storage_change,runoff,runoff_ratio,hour,flood
10.802520140300546,7.155669886437019,3.4203906003842843,21.37858062712185,25.808361216819947,6.47163941142587,5.993600046354875,0.5078237507843177,0,0
120.73884121924226,112.6465686642369,57.018263571256476,290.4036734547356,38.18249672071006,119.82181866997509,118.30490327556596,0.9717925855931876,1,1
1.0865758322447427,0.7789204251940467,0.4542515314542172,2.3197477888930065,65.6069984217036,-2.8393039747203255,0.0,0.0,2,0
1.392818824787748,1.174171257525132,0.569780765384192,3.136770847697072,26.50515929852795,-3.3516088614789186,0.0,0.0,3,0
0.17288138545090836,0.11216808691772448,0.0726387581135954,0.35768823048222825,23.43885211152184,-4.373720624943003,0.0,0.0,4,0
9.404403664030124,7.699235860105622,3.7913133704834676,20.894952894619212,116.95846277645586,5.528739547224551,1.8884121315166107,0.1815012366393653,5,0
9.586006821899284,7.24194935333185,3.879327713923835,20.70728388915497,102.87375091519293,7.8022401884313375,7.338530744400238,0.6932293609729224,6,0
104.27126664236579,65.67215600361682,58.674358830627064,228.61778147660965,97.22447692966574,103.27768823469492,104.22708970537697,0.9900810831835418,7,1
6.408227667035827,6.057321901505249,4.310687458001981,16.776237026543058,53.08980248526492,6.090435915605709,3.920369093310529,0.5291912275799623,8,0
6.652297828978823,6.352180057900432,4.040669138488512,17.045147025367765,31.95942459383017,3.0860738928638485,0.5660174400436437,0.07396699039864436,9,0
0.6918124094397244,0.4221215525913091,0.19162026937337642,1.30555423140441,23.142918568673426,-2.4902396468791776,0.0,0.0,10,0
5.227875415643544,3.9948975671212885,3.107133729449188,12.32990671221402,42.87981654916224,4.842975866499579,2.9098637923333994,0.4672321776097564,11,0
11.100521163183991,10.228784257061855,5.045706143411036,26.37501156365688,109.25589984899777,8.403809953605737,4.640999921871491,0.3835371930914678,12,0
3.043424224056912,2.103535892511945,1.290632638678146,6.437592755247003,101.80147659224932,-1.2602286922248047,2.9878071798073864,0.738929930238587,13,0
2.9174273144743323,2.850804598795515,1.6010160419926878,7.369247955262535,71.87906217433661,-0.5976674800015567,0.008390495439980494,0.002141838192882052,14,0
2.3908694531171015,1.9100641772087503,1.0513741115235642,5.352307741849415,48.48404943774676,2.2064347163444378,0.0,0.0,15,0
63.47982801244726,41.767057431562904,26.928323746900144,132.1752091909103,118.56504541106007,62.26955165488975,58.10274363320023,0.9010995442168985,16,0
9.552693631489893,7.13694401477258,5.1111432624893585,21.800780908751832,83.35297107608946,6.873820211116101,8.830375471054627,0.8367887649750617,17,0
3.8258590005492743,3.332421685211853,1.3606074944996276,8.518888180260754,71.2093058299281,2.6933801245595843,0.0,0.0,18,0
4.715004501837889,4.595677146662837,2.1542717887647536,11.464953437265478,54.10663510502585,4.147636895634943,0.0,0.0,19,0
9.001852041093303,7.308245680592088,3.8070562523940987,20.11715397407949,29.310276780589923,4.515773251326669,1.7985075837866589,0.1798174554469878,20,0
8.145183519989317,7.2523270047042026,6.153999284107322,21.55150980880084,108.70864242651173,4.245805790701198,3.0089303507550147,0.32901803929666024,21,1
11.701384157198154,7.0445215091302815,3.3842164921780613,22.1301221585065,74.87337893665861,8.241908168734689,6.48569408117735,0.5106289205103496,22,0
3.1635285737428642,2.309881641451377,1.786106052672234,7.259516267866475,84.96328990472146,-1.0825884787280255,0.0,0.0,23,0
69.94713126321105,69.19199755543028,41.276407424265955,180.41553624290728,109.20465551771133,66.79143813322473,63.588640834877864,0.8962820582408967,0,1
5.690684061278778,3.8588369002627783,2.937447200627109,12.486968162168665,48.07723624408558,5.569104229121509,0.5269056940214352,0.07875214091647434,1,0
11.576760888592856,7.017631554636262,6.064351440639605,24.658743883868723,62.81841483173143,6.743486793374508,3.8678010718788336,0.30753554958550067,2,0
7.849658232469002,7.382247731692826,4.122697469521367,19.354603433683195,36.94927466860925,5.065651920177251,0.36042003918275434,0.04072700094342505,3,0
3.7441133642041016,3.5604617161217664,2.7429238384578487,10.047498918783717,89.7015740995268,0.23169294426855513,0.8681841544460602,0.1830024048322276,4,0
8.55531303508993,8.100417864859562,6.938982189365154,23.594713089314645,71.13423988609378,6.047731561653931,2.168951603355728,0.2269890683215398,5,0
10.150600572055495,7.61531735680182,3.4039780915687654,21.16989602042608,77.8280140996174,9.970889203071785,6.425816426995814,0.576275366108938,6,0
10.331446849363168,6.324912794072933,2.648077136056852,19.304436779492953,102.26005606596583,8.530493642306853,9.31496274814809,0.8220453108926329,7,0
3.6834542183461187,2.2862194325476297,1.521884415151695,7.491558066045443,74.06351216101065,0.49630471085508576,0.0,0.0,8,0
6.728066168443578,6.176865834920827,3.3071935738760305,16.212125577240435,63.89714207056361,6.335784261732249,6.525260221119918,0.8443587410994045,9,0
7.70311436691777,5.10388959251777,2.6801618987789895,15.48716585821453,74.92266647061206,4.130134753417458,2.42153535317592,0.2782377952403621,10,0
9.931055131464245,8.160761342015086,5.760358045794995,23.852174519274325,61.96000624277899,8.692400183958457,7.083273702254152,0.6479954237780272,11,0
53.47037345670312,42.22392476389955,18.955041024893394,114.64933924549605,69.16158751168324,51.10301460280029,52.084758497423,0.9562034403678842,12,1
11.079208645521565,9.4620592142764,3.999158297264181,24.540426157062143,57.46126146264712,7.949909066950383,7.054118576880863,0.5839884700970223,13,0
5.472070887513993,3.3412712407502565,2.3151260479214963,11.128468176185745,114.02302414249576,2.5946999981345984,2.366711477861818,0.3656807100842653,14,0
7.772131234843813,7.590153959625603,4.50135081641296,19.863636010882374,116.11905638239142,3.245378025063494,6.205802156529441,0.7074452023562249,15,1
45.60651024209166,28.662572475303833,16.036360050696864,90.30544276809235,104.48753109694546,45.49015056341253,39.09076238138017,0.8387403858029302,16,1
98.14930333812535,83.58170290325238,70.10298373156935,251.83398997294705,93.50710438038858,94.13189868620111,95.89302675755489,0.9671578470958521,17,1
11.749759804598641,8.798305143171893,6.934881130129572,27.482946077900106,54.08035402530179,7.095973176580817,4.882457789854547,0.3829450801177854,18,0
11.569296321940772,7.418806031735606,6.315454886711679,25.30355724038806,70.52523724478571,7.437008991402064,9.008899513695878,0.7167385733416182,19,0
4.6104036142747145,4.519315218963342,3.1034993750482194,12.233218208286276,83.18372121697993,2.3681760043831157,2.264717440690198,0.4036639066266126,20,0
11.180093733778847,10.248027402887312,8.145225143742712,29.57334628040887,29.120610304869036,8.707992210265939,10.719623653645693,0.8800936912264593,21,0
11.204055534179805,7.363268019166185,5.748910648056625,24.316234201402615,81.8218063316261,10.698442153565853,10.531201085259825,0.8629263490128484,22,0
109.1438235619481,96.31908495027523,42.445354036734315,247.90826254895762,28.483771408519193,104.21062566944222,106.14965719589914,0.9637368103187146,23,1
12.131555172838707,11.050133378893282,7.505274071018053,30.68696262275004,62.42220092469763,7.5997832473650275,11.241975314389496,0.8561038785141294,0,0
81.21844390856627,50.560212120273306,23.227814373210617,155.00647040205018,31.752624677710486,77.97239239798596,75.25008487444289,0.9152457927582189,1,1
9.336348702698748,6.436836708375221,5.674787783452952,21.44797319452692,21.215447468981633,4.486954569160553,8.99106940709414,0.8698496602331763,2,0
13.387747127168145,8.427836175313372,5.705031057090225,27.52061435957174,116.9302535619099,10.772257906317401,8.352558022086045,0.580532723313857,3,0
12.332243210498682,7.6235282524622825,4.120376707864056,24.07614817082502,115.04114840765587,7.8809242910441,8.686989188212978,0.651577461576179,4,0
6.6096730204392475,5.191761746964554,2.9939649891210003,14.795399756524802,78.3656111850872,6.2209998356143235,0.0,0.0,5,0
11.671600374238041,10.199723668475748,4.909213389955886,26.780537432669675,111.09271844938425,7.558914159622196,4.073201067902649,0.3214433021565025,6,0
7.48465985188856,7.283258083962212,6.067186645800687,20.835104581651457,24.52186701061894,7.352824979402301,4.4729529168641635,0.5271811710717608,7,0
2.5784020637360525,2.5473729522306248,2.0915446645709923,7.2173196805376705,103.83287047111378,0.23493626476120122,0.0,0.0,8,0
116.42870232931449,107.71522524367076,96.92849727651532,321.0724248495006,119.66368370739053,113.65154380130136,110.2768030078704,0.9390958157624235,9,1
4.9222557025256215,4.831786665285242,3.397167923901056,13.151210291711921,42.86428055034627,1.5637522804963377,0.0,0.0,10,0
98.06412673942148,79.24788417362353,62.30145289616199,239.61346380920702,72.01635011119933,93.80321923782878,93.6488720292256,0.9453358658837201,11,1
9.985775991130398,8.803778732328592,4.458956170851607,23.2485108943106,33.63714755867697,9.913052662790989,7.181075520677622,0.6536703029877378,12,0
11.807509116897327,11.354850281481164,6.519134456470904,29.681493854849396,71.39894891598108,7.889244053191612,8.635166858327166,0.6742268757735673,13,0
10.817361355113807,8.477071767581373,7.544731944663842,26.839165067359023,69.26180939928696,9.173603303676266,5.750154520580001,0.4865853169575539,14,0
54.959734063011275,35.7907865406045,17.0346730554625,107.78519365907826,33.882717264941014,51.7553603389952,53.504693387818115,0.9561284427758582,15,1
7.558243611403759,5.116293066023749,2.1510651354205854,14.825601812848094,36.893506307216455,6.165291916243966,6.142159737189784,0.7176892848674498,16,1
82.68818540073971,56.4374555452287,32.85421426277518,171.9798552087436,70.34172708548569,79.23621125759288,82.37368828201092,0.984292918857849,17,0
5.4365097206983855,5.015074270192814,3.8823186684098894,14.333902659301089,38.45210193563773,4.389763104014834,2.4727328983673296,0.3841729455353062,18,0
8.114619905107874,6.3700893087997095,4.92876403934205,19.413473253249634,23.66832028905979,6.852435183387771,2.4078232180314547,0.2641715445185048,19,0
9.954622681868205,8.09357517768405,4.2186566958429195,22.266854555395174,46.924323094938096,8.068201866345092,9.794053099646394,0.8940566356390572,20,0
6.273160292440094,4.0644109954106575,3.4354988339404544,13.773070121791207,79.35924535540487,2.877648696717646,0.0,0.0,21,0
90.94202014996543,70.26760855043703,32.58942480796726,193.7990535083697,48.37759057987245,89.12660866797225,85.77468221931262,0.9329214441819601,22,1
15.886231389557713,13.38113041384304,6.939633484475679,36.20699528787643,30.178247262040372,15.121935693636052,13.918569562481647,0.8242555275589056,23,1
7.9052866837865565,6.040893838859785,5.383580002699313,19.329760525345655,31.203890216805235,5.916008688557849,0.14952321758360565,0.016790387877780023,0,0
5.886469854685547,3.934251765495954,2.889006090435678,12.70972771061718,112.93759891275857,3.102655389615898,1.3135683389263484,0.19074625557717323,1,0
5.3233233951784,4.27486371890157,2.2280797726655606,11.82626688674553,31.483682473920354,2.270223182970237,3.0142789692563534,0.4766922045383244,2,0
6.18911175023941,5.03196925616699,2.143174924484941,13.364255930891343,53.660427819392055,5.517038365544538,5.682111986457268,0.7903774741390053,3,0
14.763679402554548,13.347711800053325,9.314291843311443,37.425683045919314,67.15761885501584,12.704474831818205,11.972733270210586,0.7595138777226319,4,0
12.388484550377285,8.049032423348557,6.161000971881937,26.598517945607778,113.83404568210378,11.482319219548984,11.856514411443065,0.8855755382045051,5,0
14.093201692882957,9.592550811021104,4.62195929814086,28.30771180204492,36.42657979309929,10.020328091726046,8.771623927313357,0.581163897879237,6,0
12.948039708379847,9.801381758734978,7.922454128608954,30.67187559572378,63.91349085702184,11.063317561255309,9.246601423022994,0.6629319686742594,7,0
10.678926663660642,8.04717447814344,5.405902146996543,24.13200328880062,110.6472110964547,7.557736684090681,9.74374233799373,0.8343011835421229,8,0
7.904803806305752,5.1832496478241055,4.131115250454008,17.219168704583865,82.00727559285136,5.237498346424145,0.753663141898091,0.08463556955229043,9,0
9.765924217639842,5.990544617168935,4.103192638910557,19.859661473719335,96.24586857406905,5.382096033831095,7.0292702279125825,0.6529184198041451,10,0
110.9841356365264,72.25016897886466,43.25210452961679,226.48640914500785,99.72953657795536,110.23454849978253,109.15012447466528,0.9746927442378119,11,1
12.208562146290754,8.554779071391676,4.900588053702312,25.663929271384742,38.15977168014257,7.666309339622613,7.541427788161791,0.5709499417602835,12,0
18.18474907349663,12.026312158391796,8.335616341554514,38.54667757344294,70.5888678884466,15.12747789632339,18.039867602929906,0.9403233544425996,13,0
11.557799129389025,10.204328306408488,4.860010559284624,26.622137995082138,77.62883601668132,8.524223897474744,8.164753758969937,0.6501739416950825,14,0
14.632049071803795,11.417910965436853,5.213635348829642,31.26359538607029,118.48411989623345,10.437558639574124,13.63474762217766,0.8722303493002236,15,0
6.714222897519175,4.175606478225328,2.370068478140073,13.259897853884576,100.28534485980114,6.691062782496161,4.0462295239900214,0.5245155056760484,16,0
17.148639837089057,12.664928988813573,7.26304042775404,37.07660925365667,93.75012481097484,14.88755013264002,15.351801253569201,0.8458926614542122,17,0
53.5864237890057,51.761182335911414,30.083441279163534,135.43104740408066,78.05883502780435,50.42510234940805,53.48166813629903,0.979761347675442,18,0
14.347659086061208,9.461780306278962,5.7462533067058486,29.55569269904602,28.534966807864386,9.36328782683147,10.330099003411267,0.6730732644949805,19,0
105.21292213423217,71.76108968881043,35.54641518807428,212.52042701111685,23.65496678480949,102.85258740868218,100.69419306813124,0.9480408884794042,20,1
9.036523939026962,7.317380452284766,4.539566535184471,20.8934709264962,60.0763060875326,6.238322282485872,7.794601971581262,0.776623661631693,21,0
11.40901220325866,9.78436678103797,5.91334923539884,27.10672821969547,22.538635566034486,10.628249216427708,5.68123437247948,0.45783131480744,22,0
60.93364001789128,42.192275399736765,31.05125199839584,134.1771674160239,21.971053775436417,60.41309710796841,54.534311334905766,0.8805281155629153,23,1
6.599404382577619,5.866255251738223,4.856369050656463,17.322028684972302,103.02198645669915,4.613486734485345,1.2547232900124499,0.16510810937881212,0,0
12.876791640223004,7.7930442081217475,3.4504035638089054,24.12023941215366,40.78862551460273,12.744130620853905,11.425308159504626,0.8233393175975522,1,0
12.50732867367251,8.802274863234617,5.191988415379722,26.501591952286848,79.02949425148077,11.167010469558129,7.514137410879439,0.5563007751136938,2,0
11.046473519435995,7.929007397725758,6.931749602740502,25.907230519902257,96.36057941597608,10.345907640603732,4.098729712252693,0.34024311809092755,3,0
11.817815269173849,8.3607609215926,5.608541456504077,25.787117647270527,83.34782198261473,10.528376842007837,10.702966676591256,0.8350070937854215,4,0
9.64697653319786,6.450660336644616,3.458545169935961,19.556182039778435,21.839067654746675,5.075482500395364,8.70496787007673,0.8175999865252037,5,0
12.05973455457612,8.23159503028603,3.3378946163839247,23.629224201246075,33.68856300688073,7.559641345335596,5.068613934075999,0.38811002726697535,6,0
12.009098464368511,8.047879459745591,6.898690342575977,26.955668266690076,61.87705248920731,10.093405823121024,7.857756822105811,0.6040200897570225,7,1
12.119534590755444,8.461127563090795,5.03139095031678,25.61205310416302,48.86937367706999,10.341171008430699,6.36716734928148,0.48531960529819745,8,0
7.565784990528719,6.547948330936202,5.686335696365954,19.800069017830875,93.25720972102503,6.491083097574935,7.316319910038442,0.8541330325391281,9,0
9.899129619144475,7.262967211328393,5.704741913840766,22.866838744313636,30.65982531337718,9.523440710465431,4.073619569515648,0.3737564110037078,10,0
8.36780574477139,5.845421186567453,4.732167495476617,18.94539442681546,99.94158789689793,4.894323390499256,6.1906446469316885,0.6608425511371194,11,0
4.923871178959665,3.318950984409747,2.226851735140887,10.4696738985103,107.29458358764083,1.262746746911859,0.0,0.0,12,0
13.833820448861418,9.68183723186994,6.242001310351351,29.75765899108271,42.120944181960226,8.895480408878184,6.281345731368512,0.4234476042785486,13,1
13.838122867645355,13.370329538953131,5.575066275688441,32.783518682286925,89.742026724684,12.351377830782601,6.442953304633112,0.43421619851133747,14,0
6.171472376114453,5.830912388713879,4.79461173088505,16.79699649571338,51.91004732432556,2.026895005361066,5.875411298390512,0.8192754556176434,15,0
5.571516026462313,4.100357138928219,3.1260441584192447,12.797917323809777,26.535634079894237,3.9950643373092616,1.2555856874596154,0.19106484445957336,16,0
9.160179831143765,8.742394098780375,6.189016990522674,24.091590920446812,43.29594747536338,9.038175923361075,2.1993888399363257,0.21647144799490556,17,1
8.049197980975986,6.374564338213521,4.549862709218397,18.973625028407902,107.36771141863387,3.1287806349795106,1.9030106700598406,0.2102960587292394,18,0
13.923043957143676,9.683628252883556,4.408346422719137,28.015018632746372,55.462215764077655,12.486848998873267,11.552578993495755,0.7741436014443638,19,0
45.021702224050806,33.9342372805069,25.10535099118195,104.06129049573966,41.825388786506416,40.27189630429968,38.73094210872639,0.8415799554777379,20,1
12.85193650604032,12.567816289909102,7.9642346794707635,33.383987475420184,81.34113892107078,12.016766775579944,4.922587496944507,0.3553717918644767,21,0
10.596857606590202,7.335864623518946,3.581838721931893,21.51456095204104,42.048620907017536,9.66466629586893,4.3601818180561756,0.3759795942978893,22,0
125.88918560887139,120.03714548958737,103.69722609393527,349.62355719239406,119.49078226464353,125.01970936277395,122.71924945765012,0.967137182485552,23,1
3.811828877592363,2.6283591055533053,1.7570244491518898,8.197212432297558,79.29399348417031,0.9113978384033072,3.079934178410324,0.6400755838913775,0,0
5.863918854735067,5.602969961902353,4.918431304075085,16.385320120712507,106.21276172654507,1.8163384811106766,0.6219830096228929,0.09061631158326101,1,0
73.14479358129869,65.05264210410368,42.150070202735776,180.34750588813813,28.104621590764793,72.04387757154963,67.67872347202191,0.9127913128224328,2,1
6.6397583402353675,5.260246498145133,3.662204086622625,15.562208925003125,102.46809659251491,4.900712300724402,1.215629119762859,0.15911879219538344,3,0
13.039480813964758,12.26014614327219,10.220635283798703,35.52026224103565,90.83629767150347,8.854414172146399,7.459709120610489,0.5313379618134085,4,0
12.736934277262009,8.450217687219645,7.101861909656549,28.289013874138202,107.1843527745232,12.590697862089213,6.130400272743907,0.4462713549478956,5,1
11.084082428282288,10.339826984919187,6.759495077725715,28.183404490927188,20.63858717168336,9.648891762407725,6.148667081276351,0.5088236626792327,6,0
4.64113933823039,3.9616871266654434,2.6543014143701056,11.25712787926594,97.98453951511436,4.106236144095599,0.0,0.0,7,0
7.381291861955573,4.731436805568896,4.10979340209666,16.222522069621128,88.78857223008133,7.042106566429713,4.973583326381043,0.5934148826098244,8,0
89.60952959819268,66.16348497073135,47.006361252243714,202.77937582116775,24.574203381251287,85.25184556743079,81.8216178447735,0.903013382892626,9,0
7.0094173188823214,6.1214513700085345,3.813366414423643,16.9442351033145,47.362666628166586,2.0237948180937657,3.599966900994538,0.44946676614134745,10,0
10.307903177412511,9.044905594146542,4.616382390523929,23.969191162082986,28.23810456158427,6.905406667038946,5.071813463163429,0.4485193570895049,11,0
5.215094348669565,4.0046236325952025,2.8803775030585035,12.100095484323273,59.75943979627943,3.8440183369262146,0.0,0.0,12,0
4.417150656003821,3.0268166268750516,1.2578452306186931,8.701812513497567,85.1666825375885,2.5745189373850157,0.0,0.0,13,0
4.767579072495975,4.330719784719576,3.561547633790368,12.659846491005919,96.10239909429988,1.6364774643388982,3.7176200510368744,0.6445720126777627,14,1
9.216908984684098,8.466790076344159,5.425190364199845,23.108889425228103,31.730818896239448,8.590980023671346,3.732386686852327,0.36531466536967794,15,0
7.218225145596034,5.1075970697147834,4.079844090555344,16.405666305866163,51.03619589235738,4.942124400187028,7.125260826331229,0.8670072552282776,16,1
5.391708926713735,4.529079814230848,2.47211347459175,12.392902215536335,89.49818861265426,1.091096940767712,0.0,0.0,17,1
2.9040919031258903,2.4605275670371696,1.8484282392657285,7.213047709428788,75.96486834869141,2.855237666029972,0.29240143717395517,0.07489614600000528,18,0
67.5022468448551,41.39786188517361,18.185635640253473,127.08574437028219,59.69232762015961,66.8386680746398,62.96192005876263,0.9191219698437004,19,0
6.4751540663996305,3.966902501483636,3.4436923513653084,13.885748919248575,25.197128365147243,3.768672389894278,0.8026699107922992,0.10737837690867835,20,0
11.446938017608726,8.422428936206376,6.8003748824656896,26.669741836280792,28.011484638467515,6.972854737306088,7.066199008378836,0.5677058083186612,21,0
11.39291131482991,7.207748047260212,3.1006005266696204,21.70125988875974,44.71032340101465,10.595187914263967,4.418642782092296,0.3565459858334297,22,0
5.154209113719299,3.4679949965572816,2.7565332344023488,11.37873734467893,85.87077755008761,2.6632305314536038,0.7113007062182488,0.11557954776554122,23,0
11.332442865209373,7.703987088860977,5.701829634129022,24.738259588199373,27.219840897917585,11.179180354180343,9.270979757119663,0.7517553382123264,0,0
8.707999997169516,7.811795352104595,4.7866515670383185,21.30644691631243,54.59349925469629,6.8528061822465025,0.8068034872810532,0.08310707535190426,1,1
10.253527529765256,8.148145873371115,6.817648325889206,25.219321729025577,110.07018640112585,8.144922895397979,8.038905151884844,0.7143453579886104,2,0
2.1900032879276385,1.8597215192658132,1.3311516737154823,5.380876480908935,93.3113022415281,1.5321648622913395,0.0,0.0,3,0
3.2273064467270505,2.2555400441372817,1.88422165302928,7.367068143893612,64.53052550026655,0.6532196770785994,0.35343949152892495,0.08360867516538148,4,0
7.060724979873615,6.974336507968192,3.689889314994589,17.724950802836396,85.67366645412922,5.43477465875014,0.8729399743808095,0.10829546679242943,5,1
5.397139236256239,3.965824768257855,3.229932998510238,12.592897003024332,63.08875236618059,4.153567873318089,0.45997934342399827,0.07190391305179553,6,0
0.0,0.0,0.0,0.0,86.38045276218051,-2.3731543787490694,0.0,0.0,7,0
8.67171844507419,6.1387081397419045,2.630703029970638,17.441129614786732,73.1169528001032,3.9886899835993823,8.356970119726112,0.8640625931353824,8,1
9.353561235910439,6.795010936749049,4.441337410968339,20.58990958362783,24.15728590503921,8.611845231099995,1.4605202522396636,0.14106453025785703,9,0
118.28536677041365,92.48684830575857,60.83766516343377,271.609880239606,68.88465802569202,114.95104548268313,117.16815673236314,0.982250882104211,10,1
7.947687891328906,5.410320029701542,3.985870503214841,17.34387842424529,116.99120461072704,7.478184312381814,2.5668709455278957,0.286875333237251,11,0
3.6195882344818475,3.53939874666208,2.624903106158687,9.783890087302614,69.71747640084273,0.5303520334757783,0.0,0.0,12,0
115.47522268108585,101.13443565662557,74.66317400501765,291.2728323427291,41.567515239771716,112.18079532992257,112.32430743585259,0.9643622467535551,13,1
92.40731614039164,87.62998543049575,69.33220845672723,249.36951002761464,76.70162609866678,88.71507009413502,85.37919164998085,0.9140525087098693,14,1
7.141469153716631,6.592564242361441,5.14973255795057,18.883765954028643,99.78136488586345,4.963552579651966,0.5987954243164584,0.07354881692858893,15,1
0.0,0.0,0.0,0.0,58.85581012703457,-2.2434681131126535,0.0,0.0,16,0
0.0,0.0,0.0,0.0,81.94903460096145,-2.3174702190028618,0.0,0.0,17,0
1.521430874044575,1.2659353863507659,0.844127327614528,3.631493588009869,80.79050927934446,-2.3029854336660662,0.0,0.0,18,0
0.0,0.0,0.0,0.0,84.7474714154603,-4.490152744749935,0.0,0.0,19,0
112.55712363035164,89.40960524510366,47.24298787608309,249.2097167515384,48.48729019619228,111.02067380572021,106.13291644769033,0.9346213874980807,20,1
4.753259208659394,4.2135754400112475,2.2597910729287123,11.226625721599353,61.354910152535155,4.143828741974656,3.304064412381951,0.5742943769001247,21,0
3.161586424563873,2.6143944995654995,1.381135965077229,7.157116889206602,116.29268752375798,0.7438581909642497,0.0,0.0,22,0
90.30613305113351,88.55070255332309,62.05685569049978,240.91369129495638,101.91888594267903,85.88510073439147,88.48149487554205,0.9690640915215455,23,1
0.5391828253475786,0.4918480762345711,0.2643206404548284,1.295351542036978,102.26143185136785,-1.5795084428962354,0.0,0.0,0,1
1.9510897882959921,1.6284641858694646,0.788188234362657,4.367742208528114,93.68737449441821,-2.3628955994201504,0.21717138756978693,0.07359023382856314,1,1
92.00777275891694,63.741037939961906,37.95479213397077,193.70360283284964,79.4476335186173,89.5239384646211,84.10548859719785,0.904284514104058,2,1
7.090110332610004,5.468459205247493,4.1494607357382405,16.70803027359574,89.24361513243696,2.1338303640990626,6.062956016977002,0.7494281002000862,3,1
3.555622126011279,2.2552006226229535,1.9103701576923229,7.7211929063265545,39.18673247187429,1.9387643154336751,1.7423709081953747,0.3824660737875828,4,0
79.55235075694206,49.882905803950806,39.91521646622126,169.35047302711413,43.3712081910433,76.8522911839195,72.51171805645039,0.9001812780764971,5,1
4.03874957499667,4.029281714045783,2.9450809582678015,11.013112247310254,75.77834173700249,0.3854970238004394,0.3171046767269248,0.0629332083301906,6,1
5.403054669223291,3.620701354027628,2.6974313628510864,11.721187386102004,40.093368865905646,2.723916246857885,4.629643072049534,0.7230366303605406,7,0
3.8111306908559732,3.7001167519932086,1.9141482496952462,9.425395692544429,59.931591580930814,3.049050624203886,0.0,0.0,8,0
7.698854595869914,6.223624644552331,4.429931485742981,18.352410726165225,28.912443211601662,3.9225024933858745,6.677146726788036,0.7675891869670112,9,0
3.483939545691782,2.212500539952504,1.921510060665476,7.617950146309761,75.38022407123762,1.9563179924016643,0.30808740909751453,0.06870909073551812,10,0
0.3718385224315086,0.3598492546010804,0.23335567128424206,0.9650434483168311,119.21580148233127,-3.8852862662939702,0.0,0.0,11,0
105.0215274287966,99.47877225322596,79.87774356698581,284.3780432490084,99.00304363070614,103.4981317333064,104.37417316438659,0.9844620776142244,12,1
4.0671322265023235,3.0033326764555817,2.6663740684452204,9.736838971403126,84.0972077345332,-0.045270591669480886,3.006934844567536,0.5934194550599137,13,0
5.260898055547271,3.5244621110039054,2.295422391787209,11.080782558338385,59.86630277723131,4.5290280947360255,2.3206226772150194,0.3706533242717321,14,1
49.45143688050532,48.72183258806834,32.87577606026529,131.04904552883895,116.582216115322,47.28894748885466,46.95690781582324,0.9307347960582589,15,1
0.0,0.0,0.0,0.0,35.20248531286481,-0.3067481355533408,0.0,0.0,16,0
118.13998212903131,73.61446705482524,55.028110800305534,246.78255998416208,118.36789252634136,116.94408160795169,117.00198717953374,0.9820547652325307,17,1
0.0,0.0,0.0,0.0,101.39702695060188,-3.0760971911550543,0.0,0.0,18,0
1.7850298631528396,1.1643466882537896,0.9818960162050596,3.931272567611689,64.97846488213224,0.8119173040490143,0.0,0.0,19,0
3.284432015516868,1.9958735006894448,1.0576265495074324,6.337932065713745,96.0289823122135,2.598883486871873,0.0,0.0,20,0
51.13444590463468,50.640973034861155,40.551698848597944,142.32711778809377,115.95766443210334,48.695175685002866,50.25655631521465,0.9639798686485496,21,1
5.329672293662702,3.517687460565866,1.9781292026107284,10.825488956839296,93.73570773877996,2.949581646818869,2.322566012496547,0.3669330582598899,22,0
2.8458604048277105,2.7230156404998493,2.389901902831048,7.958777948158608,98.6903386255295,1.2688259260876469,0.0,0.0,23,0
9.508338510520689,8.212747222541257,6.960786758434009,24.681872491495955,83.66696821672073,6.43867058672038,8.975122186035168,0.8540952670157607,0,0
2.8719754906836545,2.3116208153561546,1.710862672943222,6.894458978983031,24.16729006023843,2.4480154104546386,0.0,0.0,1,0
34.90887077801379,25.82842040994905,20.33540670167919,81.07269788964203,86.13706110704143,33.98289293867645,33.515996095341116,0.9333625750175976,2,1
2.2616677492761874,1.5967794331671141,0.6554340147681698,4.513881197211471,28.217166747642736,-2.577632424948965,0.0,0.0,3,0
0.0,0.0,0.0,0.0,84.39042535411306,-2.6515106662457915,0.0,0.0,4,0
0.0,0.0,0.0,0.0,78.24226582072464,-3.7403658971476608,0.0,0.0,5,0
61.321490287321296,47.57088169549232,33.607390860862694,142.4997628436763,114.30758377447076,60.118026728158775,60.349479276913954,0.9683574477870192,6,1
0.0,0.0,0.0,0.0,106.1369996363436,-4.232571693451391,0.0,0.0,7,0
1.8033323994782613,1.6420765743930037,1.1955646210905775,4.640973594961842,37.74287694697068,-0.9218021950064301,0.0,0.0,8,0
50.80632512663448,33.16085703304679,25.301400815161998,109.26858297484327,101.77853298569451,49.73876829508112,46.75950358301985,0.9025829079503657,9,0
1.9921988777623558,1.432429602976326,0.9776489556424969,4.402277436381179,88.88853020500906,-2.374415701541683,0.0,0.0,10,0
5.845762223771704,3.5292775065317503,1.847010086559179,11.222049816862633,92.64617151130048,0.8867124670248865,5.052337427073977,0.7380240887610566,11,0
1.3470766120755986,1.1401578046150969,0.5632520561622633,3.0504864728529584,55.538456868573945,-2.5718823103513877,0.0,0.0,12,1
0.0,0.0,0.0,0.0,115.80734801193802,-1.8397037565104224,0.0,0.0,13,1
8.072389452691962,7.704920660113733,5.366648035465066,21.14395814827076,59.15256981778293,6.009280248448842,2.5074442807175066,0.2763819050970632,14,1
0.0,0.0,0.0,0.0,78.82022669483905,-2.404864449430619,0.0,0.0,15,1
5.481486028190161,4.772111435484066,3.829593179601367,14.083190643275595,46.98207201282143,1.3562389772898502,1.4954405700825317,0.230724954675264,16,1
64.84781345531744,59.26822917453726,44.67878958115258,168.79483221100728,98.86149646724064,62.26146817310939,61.32622147167351,0.9313326935796865,17,1
0.0,0.0,0.0,0.0,119.83475113929497,-4.665566656717789,0.0,0.0,18,0
3.206991034894126,2.075995862294405,1.2558787723896314,6.538865669578162,103.98022856356172,1.2878262752289062,0.0,0.0,19,0
0.0,0.0,0.0,0.0,45.92967588657737,-2.1482840636946756,0.0,0.0,20,0
0.0,0.0,0.0,0.0,33.34799724159438,-0.40300756878562327,0.0,0.0,21,0
1.5508218627183787,1.309033318827234,0.6122048293012803,3.472060010846893,95.13750860290457,-1.733953918617319,0.0,0.0,22,1
58.93168480385878,41.52811362843637,21.73952726721293,122.19932569950808,110.62545805210367,57.68395380461125,56.75608699482973,0.9470130396063121,23,0
3.1043801872389998,1.904367870115702,0.8214045218563805,5.830152579211083,110.64374533444109,2.408153331651024,0.0,0.0,0,0
2.8466061298108656,1.7328127239002804,1.2682366966595295,5.847655550370675,116.33944342135504,0.04576521250165566,0.0,0.0,1,1
0.0,0.0,0.0,0.0,66.39324866883362,-4.860026648157685,0.0,0.0,2,0
44.86483989151594,30.962427129753593,16.270239333774697,92.09750635504423,105.06160578411378,42.058725950103316,40.67771260052101,0.8869040575904323,3,1
2.823015773191707,2.307576248271341,1.0173242326720509,6.147916254135099,65.83006415286565,0.39953433754147216,1.496819451885501,0.39152845310806994,4,0
1.1683776578780827,0.917080916650579,0.5556435268209532,2.641102101349615,85.09734671509541,-1.5587816891564445,0.6701928108229978,0.30907568540381974,5,0
0.0,0.0,0.0,0.0,95.6751505688635,-2.5969292975196865,0.0,0.0,6,0
2.265807166326027,1.5759107666115346,0.9859207770513875,4.827638709988949,118.49896561408751,-1.5942552152239249,2.0484677965215483,0.6272470149626247,7,1
3.865647315308481,2.482478039214289,1.8082123089711761,8.156337663493947,102.21031606002255,1.9635472777706695,0.0,0.0,8,0
6.73186085931165,4.812305628087879,3.832651142720597,15.376817630120126,77.75933658811576,3.558948771560131,0.348547582384497,0.045079391459138,9,0
1.3920030415927722,1.2768907099908793,0.7129913053606797,3.381885056944331,105.7179256998753,-3.1387132322360594,0.0,0.0,10,0
49.54265125469815,33.37638553794783,28.269626829269566,111.18866362191555,85.42925523249619,48.78212983858678,46.02006390775136,0.910519388384352,11,0
105.69969212623697,104.30980946773576,63.51220786271449,273.52170945668723,118.41103190364979,102.36009213221884,100.62232194020544,0.9430422893925376,12,1
2.143091134775675,1.4249270703441634,0.5789532263893473,4.146971431509186,75.97556836383825,-0.4939069758377066,0.0,0.0,13,0
94.22823189598505,87.40850182626963,58.59838669065243,240.23512041290712,91.02427986233116,92.6564813300663,90.45888870452254,0.9499167096090587,14,1
0.0,0.0,0.0,0.0,53.520804737087275,-0.868807965678719,0.0,0.0,15,0
53.41950741389747,41.674715430935954,32.273448422442364,127.3676712672758,85.11475848816741,50.314864576505315,50.60050784102023,0.9298229669035565,16,0
2.953088955117046,2.520924630900406,1.1675218008722772,6.64153538688973,87.6177562075434,1.327568877958551,0.0,0.0,17,1
4.733382577871993,3.368797775325733,2.43038868433176,10.532569037529486,89.4150573509831,2.170108812146728,2.2908971642981424,0.3995716548098267,18,0
58.36628849819236,50.26884824628871,43.691290562189614,152.3264273066707,107.1204482263052,54.53596461551585,52.058709752165974,0.8769069293215308,19,1
5.417242527813638,3.4908482657932756,2.1766408412222753,11.084731634829188,66.03582712019264,1.0944244802002885,1.0440567663113303,0.16269554435354053,20,0
0.0,0.0,0.0,0.0,93.99041207669303,-4.5903827609957535,0.0,0.0,21,0
5.590988530762088,3.3948628967935206,2.992249737656974,11.978101165212582,92.66709920703232,4.067233053831421,0.0,0.0,22,0
0.0,0.0,0.0,0.0,29.653447019544082,-1.209469141294195,0.0,0.0,23,0
0.0,0.0,0.0,0.0,110.28949951919873,-4.261319371955907,0.0,0.0,0,0
0.0,0.0,0.0,0.0,99.45782787001903,-0.17335133363241662,0.0,0.0,1,0
0.0,0.0,0.0,0.0,86.92002629380784,-4.146433996583777,0.0,0.0,2,0
0.0,0.0,0.0,0.0,97.38796557301563,-3.0096171550756576,0.0,0.0,3,0
4.6630739528543215,3.2407123004783607,2.1264967182974455,10.030282971630127,30.42248028083477,2.740517314630259,0.7617374038842062,0.13450952790405868,4,0
2.578502584505681,2.3140450845769927,1.5113792770623158,6.40392694614499,83.41040313763312,2.223841503836814,0.5433699377709051,0.15184282390170858,5,0
0.0,0.0,0.0,0.0,68.20410581120825,-0.9804885636919647,0.0,0.0,6,0
0.0,0.0,0.0,0.0,41.90688091018578,-0.1836068125041057,0.0,0.0,7,0
0.0,0.0,0.0,0.0,28.70927667957715,-3.0853325805890064,0.0,0.0,8,0
4.150250596638941,3.309487153793639,2.4858530439278383,9.945590794360418,119.28168389990704,3.4928049971490327,1.9523983924827846,0.3790880377271199,9,0
0.0,0.0,0.0,0.0,102.37903842212947,-4.775302557424944,0.0,0.0,10,1
0.0,0.0,0.0,0.0,80.37954529493877,-3.4329495674630337,0.0,0.0,11,0
0.0,0.0,0.0,0.0,28.018001408190344,-1.773856459179921,0.0,0.0,12,0
0.0,0.0,0.0,0.0,83.60960464095422,-4.566434737881184,0.0,0.0,13,0
0.0,0.0,0.0,0.0,49.50407076541562,-2.430002468988015,0.0,0.0,14,1
80.2794377159484,59.18737549163756,45.253882699723064,184.72069590730905,85.22916485919397,76.05141590099888,74.7394951025946,0.9195375509829523,15,1
0.16462400529380705,0.12817095070882537,0.10243296391926664,0.39522791992189904,102.24223736682784,-4.1231876830126115,0.0,0.0,16,0
0.0,0.0,0.0,0.0,90.55858626438246,-3.4420250924606846,0.0,0.0,17,0
0.0,0.0,0.0,0.0,84.58223862864843,-3.1845115872737164,0.0,0.0,18,1
0.20825761803144238,0.18136078343932122,0.12747661301174046,0.5170950144825041,56.459372819754,-0.8812051532435081,0.0,0.0,19,0
0.0,0.0,0.0,0.0,58.420671298580025,-0.19498006287455794,0.0,0.0,20,0
0.0,0.0,0.0,0.0,48.92447719726545,-4.500415915082404,0.0,0.0,21,0
6.910224415834723,6.866035363868717,3.736515113145261,17.5127748928487,116.1135485407593,4.962814941322621,3.826129177939344,0.48369413771373937,22,0
0.0,0.0,0.0,0.0,96.190181260487,-4.168249809687928,0.0,0.0,23,0
0.0,0.0,0.0,0.0,75.77088262500439,-1.7363851951525378,0.0,0.0,0,0
1.156824847696877,0.9203225725391806,0.5530120787206194,2.6301594989566768,119.38483888996981,-3.244748963047758,0.0,0.0,1,0
0.0,0.0,0.0,0.0,42.774973610320956,-4.820144235827569,0.0,0.0,2,0
4.440631605635482,2.8964505343144187,2.3034164717299035,9.640498611679805,32.48208139668483,0.4695782928884551,2.2344910596246264,0.4107043486109424,3,0
0.0,0.0,0.0,0.0,78.87315221313199,-1.8766495395980094,0.0,0.0,4,0
0.0,0.0,0.0,0.0,77.72790292331312,-4.327885728122761,0.0,0.0,5,0
4.892664440774138,3.3279404778273785,1.5129885852645677,9.733593503866084,105.39619669554222,2.6969153576053966,0.0,0.0,6,0
107.05675775873755,83.43228845896664,54.666190714301365,245.15523693200555,82.65925110932102,102.42484472508711,106.90382900329944,0.9893303410230733,7,1
1.9474871769960047,1.401719933878812,0.8120973248359444,4.161304435710761,100.4437207679505,0.5536878149232396,0.2618474660583794,0.08883752509663058,8,0
116.97319702382904,101.85189867076542,82.93134503797191,301.7564407325664,49.46193963461931,116.90162063549374,111.07024087533681,0.9414870807722713,9,1
0.0,0.0,0.0,0.0,104.59214396777321,-3.068020571187292,0.0,0.0,10,0
70.58432351436966,53.8447285619188,23.31503249484046,147.74408457112892,54.88205339694793,70.02933302041308,64.11844183429588,0.8957050746093159,11,0
109.16585339144291,68.85579765124962,44.77776071128066,222.79941175397317,99.45155444907486,105.63042100510941,108.76404529973112,0.9872754755801613,12,1
0.0,0.0,0.0,0.0,100.34827432968846,-4.64614026815927,0.0,0.0,13,0
2.726325648891181,2.7034039189671777,1.8971043680435238,7.326833935901883,55.78140841135489,-0.512761581061461,1.7429602211680804,0.4677423245836611,14,0
0.0,0.0,0.0,0.0,27.177580622651302,-3.413086106117012,0.0,0.0,15,0
7.003671701161354,4.602465551580437,3.625238194522643,15.231375447264433,47.14093804467144,4.520194587071621,4.72947895774122,0.5909136624200816,16,0
2.984489899800762,2.684423595793905,1.5000381817733168,7.168951677367984,20.01346930044853,0.42884420361461295,2.609674631579937,0.6549582750129269,17,0
0.0,0.0,0.0,0.0,56.02339188004279,-1.3519664319226277,0.0,0.0,18,0
4.266337709670511,3.300127272302827,2.8215150015605577,10.387979983533896,57.73180539631929,-0.5540543727800298,3.5520215134659274,0.6744765925176797,19,0
3.8856415671115077,2.3381665810356074,1.130448698768929,7.354256846916044,91.30460506343186,0.5537144992204754,0.0,0.0,20,0
6.124408106843067,4.404802209247395,1.9939767048528343,12.523187020943295,98.18238633449356,2.903661999463487,5.738920007696697,0.8055293747398335,21,0
0.0,0.0,0.0,0.0,56.98132559871766,-0.261775100937362,0.0,0.0,22,0
1.3267908829373347,0.9085832413668401,0.6620634753236935,2.8974375996278683,67.22818041629817,-3.0739928066700903,0.0,0.0,23,0
1.2076244123288489,1.0813539759271642,0.6031940319157799,2.8921724201717933,84.48326040223138,-0.7680301257286675,0.0,0.0,0,0
0.0,0.0,0.0,0.0,31.15122123212764,-2.5793095135616406,0.0,0.0,1,0
67.54731316600606,53.84505927324568,32.42252641155025,153.814898850802,73.09376784120938,64.57165479147766,67.46792259698339,0.9842533497059376,2,1
0.9676237900513123,0.8428166807342242,0.4685487030789284,2.278989173864465,97.39913781527625,-2.896983619329263,0.0,0.0,3,0
40.557439606433135,26.28458273798566,14.004200068538816,80.84622241295762,21.75523633666289,39.09089655253031,34.37230461508376,0.827103520828143,4,0
2.8476869750743545,1.7101540659722383,0.9404141719870506,5.4982552130336435,84.64587416379305,-2.023285244007431,0.0,0.0,5,1
5.42382850375938,4.117782083285122,2.2707833137813367,11.812393900825839,26.56948589543658,4.282651686290885,3.4509994239351833,0.5372184861279492,6,0
5.848441837032451,3.6443850614942233,3.2030314459841573,12.695858344510832,114.27243190941122,1.9224941212904088,0.0,0.0,7,0
0.0,0.0,0.0,0.0,82.24136415659967,-3.9066092787365254,0.0,0.0,8,0
3.4443824632658084,2.60142593836949,1.917420393671898,7.963228795307197,45.99049792428329,1.718421420794756,0.0,0.0,9,0
6.673773497090283,4.397490959434053,1.7762380460371643,12.8475025025615,83.09217902291634,4.435406370038192,5.599574689872079,0.7297028889366239,10,0
1.229640213158405,0.9840090406720564,0.7279798920867712,2.9416291459172323,27.62392179735645,-0.14387886208105494,0.0,0.0,11,0
0.08316822619977327,0.051563602584189204,0.04237624903240217,0.17710807781636465,118.11925291641158,-3.882546143783924,0.0,0.0,12,0
0.13516492891310972,0.13253893442121403,0.11894171835044143,0.38664558168476515,91.17228057460487,-4.770553730046,0.0,0.0,13,0
5.111044563337855,5.072564197303322,2.5111923078845364,12.694801068525715,99.25951162883833,0.5715505944397581,0.0,0.0,14,0
7.3424295049300214,6.629656426657441,3.187775608790633,17.159861540378095,67.69001064679699,3.7507736280700015,5.363706978377355,0.6429430389801475,15,0
3.586278841376944,2.867438891138142,1.1643280303291552,7.6180457628442415,20.903846907929218,1.8011321215268832,0.0,0.0,16,0
2.0211728831440463,1.47276399405487,1.2135885251260077,4.707525402324924,92.88614422699469,1.5441764965779932,0.0,0.0,17,1
5.095349736892465,3.86805654016692,3.3256216129703793,12.289027890029764,119.32550154229641,4.870793241914385,0.0,0.0,18,0
5.534083404608616,5.353509433361092,4.686806373905536,15.574399211875242,77.71225860383208,3.7484776081061018,0.0,0.0,19,0
0.5490707811544189,0.3715217040439701,0.3191815567183066,1.2397740419166956,30.180368294953688,-1.9807187575202394,0.0,0.0,20,1
54.96425851292375,52.0351110423168,28.163450821896102,135.16282037713665,115.04591705752958,52.05614704797778,51.47134499477362,0.9197181623140314,21,1
5.374747426839513,5.147060876860691,4.494558995987496,15.016367299687701,109.25582274864745,3.277507457052945,0.0,0.0,22,0
0.0,0.0,0.0,0.0,53.15646990671938,-4.275151008099676,0.0,0.0,23,0
109.83847450095071,101.52935123793257,83.04217259947188,294.4099983383552,53.21910331156046,106.37038421358173,103.66949197413561,0.9353204511421384,0,1
9.040810978801662,7.37402736767615,3.991090648403607,20.405928994881418,62.52281854376939,8.852955526807126,8.017876569022322,0.7985287827795787,1,0
71.95792361129446,71.18302781436942,36.52135399768722,179.6623054233511,50.41987196362808,70.43821105001932,70.11459031435567,0.9610277656462989,2,1
9.82082933539065,6.773596809387479,4.955045895191487,21.549472039969615,94.18963269587151,5.578702439938026,6.439795759281777,0.5951295930913312,3,0
6.381436693495488,4.775716640329361,4.063992059230172,15.22114539305502,100.66935196947392,1.4571446796831085,0.34745061603884153,0.047070865803809515,4,0
7.818184990512386,4.9362638285270055,3.318395853394481,16.072844672433874,90.93208284726096,6.981578470507085,1.5731312511079292,0.1783962632673826,5,0
2.10881903860379,1.515447898740888,1.147515458622095,4.771782395966773,95.9005282521931,1.5962392182714176,0.0,0.0,6,0
6.806405630334172,6.336780848089385,4.743743868432365,17.886930346855923,91.43266357349975,4.497824911268577,0.0,0.0,7,0
10.877536063065145,7.376016317692617,4.224030464548106,22.477582845305868,53.56104542698427,5.984908721119442,4.02523827308173,0.33889505800776054,8,0
5.068162920639852,4.960901672993295,3.215306107903155,13.244370701536303,58.05177098698945,4.252986235981897,0.0,0.0,9,0
0.0,0.0,0.0,0.0,74.64303160778474,-4.835176376280731,0.0,0.0,10,0
8.79182044045099,5.905485525405178,4.724398701076654,19.421704666932822,75.27070757185453,6.809052030501174,7.738100211818242,0.7902616534767504,11,0
5.462568991421701,4.7474160014938445,3.790055407156935,14.00004040007248,45.0467898792499,2.338198493386707,0.8886011262717117,0.1374996734969058,12,0
0.41314237537468657,0.3592719013887334,0.1530203336103681,0.925434610373788,74.88586650773559,-1.0250212698437045,0.0,0.0,13,0
3.2550099490425146,2.042002108248633,1.6170204686560348,6.914032525947182,48.5758324592706,1.0911755510462013,0.0,0.0,14,0
74.2511442007082,72.6012416819406,52.33585370971981,199.1882395923686,87.1479148667207,71.08973343251999,72.6592070890327,0.9655561767305181,15,1
0.4526760979954314,0.34983151575871957,0.31141454762662385,1.1139221613807748,26.750254668382194,-2.1408288739075436,0.0,0.0,16,0
71.83615672128656,64.3044225979171,48.37475188072214,184.51533119992578,62.272863689393226,70.10353588152296,68.65525769286359,0.9425985771816391,17,1
4.544384166905163,3.920451242692193,3.466732189905189,11.931567599502545,80.3637200559375,4.159486831580331,3.9397152560726267,0.7105776110517517,18,0
0.5651673276883122,0.4745245680073591,0.33777816075619654,1.3774700564518678,84.85048201186882,-0.7718428115993943,0.44428185397251196,0.28385581919135633,19,0
10.144274829668872,7.356252339056837,3.9396271610534623,21.440154329779173,79.76682827027031,5.813796661610414,2.570404998281707,0.23064802668349854,20,1
14.363028977517825,12.849368117524827,10.812703597379425,38.02510069242208,40.26326341353432,11.425099621970816,8.753912222178036,0.5698037955268108,21,0
0.0,0.0,0.0,0.0,59.903531764243475,-4.199008033322134,0.0,0.0,22,0
4.071690123848029,2.456564564947795,1.5151878881553122,8.043442576951136,29.26254830513672,0.3297683754668723,0.0,0.0,23,0
9.958477984191923,8.515248537511601,4.436538496305981,22.910265018009508,91.40527233781268,9.50152055253304,8.364315292457515,0.7632734495176612,0,0
5.105821983250438,3.5707591780757273,1.8111006297236811,10.487681791049846,47.080632803697256,3.868023131851006,4.605611617307672,0.7542983778337855,1,0
7.201968196322729,7.062223251309536,5.785697563023506,20.049889010655768,100.50903184956627,3.0870491711138914,0.0,0.0,2,0
9.029783785240664,8.101093977495646,6.229406666593049,23.36028442932936,72.14490241668801,8.687490188572774,6.060880277799641,0.6042882286972661,3,0
6.281914122980211,6.018943370750684,4.413279019181247,16.71413651291214,98.73870267523328,4.010187007641935,1.239936367330948,0.17027615904147592,4,0
4.070930742705585,3.163187302145678,2.2922389869089246,9.526357031760188,113.62806214689266,3.75089900966248,0.0,0.0,5,0
2.9123338285495635,1.8128416932954035,1.1702760841307207,5.895451605975688,112.71106288584274,2.3853677380105376,0.0,0.0,6,0
1.4898035206584903,0.9889269660958557,0.47491368958986907,2.953644176344215,27.049194564314465,0.5615699961522752,0.0,0.0,7,0
8.99877966188191,6.514421320634353,3.4199309586804025,18.933131941196667,71.5005659709723,6.321010587483547,6.143691860513028,0.6144441690153916,8,0
9.560653836122357,6.913484061233812,5.924124545522238,22.398262442878405,115.2815017002506,7.926941125972153,6.7252542457779185,0.6368217678695627,9,0
11.276782543684371,9.262168155309855,6.034916044708534,26.573866743702762,39.38630679368927,6.982698687843598,5.861256279709672,0.4774260893563614,10,0
8.833732557671667,6.85218712977667,4.832665160332469,20.518584847780804,36.03654061197432,5.465505470297128,7.399706511757421,0.7524819765394809,11,0
6.258711591799898,5.044354685522526,2.4247274749953927,13.727793752317817,28.355433751068976,6.1630667596134625,4.932726176078132,0.679559466400427,12,0
8.588512989431653,5.515012218397351,2.8191675436514085,16.92269275148041,71.92245707802051,5.54974957395339,6.625694476101964,0.6910033373688629,13,1
7.669733293716083,5.87739363790608,3.611494803321529,17.158621734943694,74.09050038380809,4.187584258535547,2.052564524261448,0.23675059597844478,14,0
11.656127724495176,11.052466037278405,7.9103545059419,30.61894826771548,73.25040664159818,11.079154513600589,6.811024609907885,0.538160230219987,15,1
2.8698345021010527,2.171729320919307,1.8412733166490136,6.882837139669373,40.43163833989703,0.3308091823071573,0.0,0.0,16,1
5.497788432971301,4.341614567225044,2.9537703533069397,12.793173353503285,82.8426456614587,2.0546302864319235,3.4716093647895807,0.5342755309135369,17,1
9.676443091486302,9.070024922956053,5.827920297186083,24.57438831162844,53.362839583686565,5.718652078529452,6.066090187252263,0.5681751998556087,18,0
13.24876235968871,10.420468273855429,4.562600612927746,28.231831246471884,58.782608991693124,9.231074062375694,6.034570131318881,0.4235153888446713,19,0
115.59746437401667,114.12085991250645,49.44655595970915,279.16488024623226,84.83180074520956,115.22693726114233,112.59371294628467,0.9656617624643283,20,1
9.256847411345564,7.624159044666001,4.273959283278305,21.15496573928987,42.01113259047531,7.504244739914755,6.276581221269158,0.6119405865711083,21,1
10.280044842125292,9.082483992600782,3.6709751004231927,23.033503935149266,41.766739958053606,6.97162340012601,6.408129896687315,0.5680943636638902,22,1
14.18456041743907,11.622370151088864,5.035178747257666,30.8421093157856,96.65150495325847,11.26599247878225,7.928880600175396,0.522167279275947,23,0
9.967945575211008,8.454706913223891,6.5196493418768515,24.94230183031175,36.98810060507353,8.993069575709562,2.84466943745638,0.25936210368199725,0,0
9.893354144988132,8.299160055681204,6.034040163400055,24.226554364069393,108.91279239400099,6.999320372428429,4.834223550361033,0.4437773238635766,1,1
9.555506153498685,6.9328132909477125,3.6102646981395523,20.09858414258595,41.49126370363959,7.43125193915825,2.2927980424304124,0.21721346272631853,2,0
3.609133278571796,3.170488091342895,1.8750246985503292,8.65464606846502,102.18309465853592,0.3115794353679453,0.0,0.0,3,0
7.183026976769151,5.242206992037252,2.8033012812876668,15.228535250094069,39.09265850716435,3.709822182300512,5.433302072785732,0.6639721570282451,4,0
11.978374991051076,11.091686460056225,8.75148061150724,31.82154206261454,96.08513309307817,11.039762962589815,11.271295415174926,0.8684673869376385,5,0
9.32669929812737,5.741438939937081,4.210907365693715,19.279045603758163,52.30273457540939,4.837103363339041,2.221753786655083,0.2151465557884476,6,0
11.185940450719134,10.404784456823988,8.557265916299366,30.147990823842484,44.90087361090899,8.302428456430352,10.64789313898019,0.8737850953761901,7,1
9.182229901998245,8.660764715460116,7.784417864826621,25.62741248228498,44.149648525686786,8.980475767699746,5.892697758041557,0.5787236994997653,8,1
74.50787375109789,68.06259251666673,46.492899845495046,189.0633661132597,51.277798921035405,71.23616372363429,72.6517283086274,0.962174203820314,9,1
11.50458836907663,9.495405661046174,6.763644148636315,27.763638178759123,106.4433246868364,8.569905836282096,6.856985329971196,0.5483575410549506,10,0
11.141392514969205,9.837390565492935,5.8494623112087565,26.828245391670897,42.8875462483499,8.157133130530408,3.715935730057593,0.30605515186797483,11,0
11.105422900034469,9.29816288764651,3.9672843379248275,24.37087012560581,65.4764342552661,7.731491389197417,5.685169988964992,0.46963827996036417,12,0
8.060973094723387,6.449937470287763,4.808054212103388,19.318964777114537,89.71358058918092,4.8177783108793095,5.858667387108506,0.64658258289281,13,1
11.773183575978656,9.207439512516864,6.757158433020998,27.737781521516517,103.73670797701507,10.92454143309404,11.620024632003963,0.9097203185787346,14,0
9.926766873090804,9.284127739947886,7.440350730947975,26.651245343986666,116.09201469288247,7.247091478830213,6.018801811811561,0.550830989781065,15,0
11.222442100534114,9.351395274145927,6.512499540822052,27.08633691550209,55.492466087701004,10.962495340645576,10.968491977550205,0.8974059265186364,16,0
92.89437096327443,88.47159585577313,74.44507975336849,255.81104657241605,85.90454101322324,91.83821180590976,85.99039631240345,0.9158205697553209,17,1
13.950460347834056,13.93504732068544,5.783225830832297,33.66873349935179,109.73658657909318,10.837307679840766,6.163399394515487,0.4122548236722629,18,0
4.17429139117496,3.0643958156582354,1.3284409251956493,8.567128132028845,117.53431334790706,0.08942185481577614,0.0,0.0,19,0
75.33385743499252,53.29304407514963,24.00793297869191,152.63483448883406,36.74910890941077,74.59747961723207,67.54924305169413,0.8849185056476473,20,0
6.163923049326661,4.384690589726603,3.504010570713583,14.052624209766847,52.62539180411468,4.66700618079992,4.303875111664011,0.6007707065011724,21,0
7.526921596519616,5.149940650065498,4.143188126027235,16.82005037261235,34.69219235837708,5.813695863907008,0.609650221654495,0.07149710651770651,22,0
84.03211527695062,60.58444965967318,41.3006727118247,185.91723764844852,100.38048904834751,83.3463728361869,79.38652260051634,0.933606347930467,23,1
94.65346701849825,59.90702450409657,37.72896649023294,192.28945801282777,50.64634680428203,90.54156096257148,94.1976372025193,0.9847801667691,0,1
8.638409265443286,7.1674180031412655,5.258062060018273,21.063889328602823,97.7049285651756,4.327394397152342,6.127405291663522,0.6357278595371736,1,0
14.2919339191705,9.69088313843174,6.247676199786614,30.230493257388854,94.16414518360422,11.829088565404012,10.426487012661152,0.6818291962137075,2,0
15.255818307052179,11.635947036133716,6.564030331042906,33.4557956742288,65.3989911199699,11.443583513677837,14.247802084140226,0.8764739993408497,3,1
10.54112433225886,8.389151531590112,6.060093407427878,24.99036927127685,42.98267257976184,7.77781299337512,7.563738290283683,0.6553727412104994,4,0
93.90843421233355,63.30444011940433,34.141447599588346,191.35432193132624,41.87098003235832,92.99424531298946,87.3027465998482,0.9198628902098465,5,1
12.482256394199892,9.359436718864382,7.476937006247786,29.31863011931206,56.739072869707044,12.047170302685949,8.027977106774388,0.595447592157352,6,0
7.1894276545039055,6.2483736022338014,3.1882459503091733,16.62604720704688,41.82075345521722,2.8190687879779794,5.192076032582064,0.6339974234617727,7,0
115.72266869547312,104.16270379082415,49.58397646155791,269.4693489478552,65.83235945875754,113.96657175872922,114.97245648541698,0.9850053787356217,8,1
7.858461643934347,5.631250750119427,2.836857826392199,16.326570220445973,43.81466536656963,3.31628888453747,4.113909210060026,0.46440447285527753,9,0
1.0482200616426596,0.8792095413215871,0.7910941514282734,2.7185237543925203,96.9448894082047,-0.9411084534444765,0.0,0.0,10,0
60.35111615403744,44.4283566377138,29.113474647469204,133.89294743922045,81.51291405411999,55.79808756796533,56.27228407763378,0.9172169571674625,11,1
43.6138062287661,40.80822419231972,19.60181393495279,104.02384435603861,22.49716621170496,41.36861238911547,41.713977774748045,0.9350015455048015,12,1
9.54683680378902,8.051112878728103,4.35182678305722,21.949776465574345,37.3496050355022,7.648079189192433,3.135270594005391,0.29727117735234365,13,0
4.7648769917012626,4.150004170598355,2.8339995743582205,11.748880736657838,112.91447172116874,2.8282644018246925,4.235555481025739,0.7347174080423513,14,1
11.72355101771005,10.669575887771344,5.518441219788132,27.911568125269525,54.50837455132337,11.573031656653455,4.031612421117154,0.31686220423099715,15,0
10.757991422532001,7.821273634158699,6.445156653020605,25.024421709711305,114.71614629002478,6.333715834051979,4.845455615017021,0.41209892411824756,16,0
16.535755450139234,9.989478033971762,7.57227395305294,34.09750743716394,90.62461625552622,13.422307745390247,8.614884681444309,0.49127536626178864,17,0
2.424167784793998,1.7874714633346773,1.460875214926905,5.67251446305558,113.54845135274957,1.4955024247680697,0.0,0.0,18,0
51.498165891782264,34.25227448220125,23.89460647780182,109.64504685178532,35.04722710059975,46.6577839845286,47.9244496737141,0.9128785522241625,19,0
11.99442354596314,10.813539360300233,7.449939890662703,30.257902796926075,110.43597749938573,7.907384309432594,5.938038628374137,0.45696822235864815,20,1
63.40004593539229,54.86699809456716,33.22738515733158,151.49442918729102,60.24062592993117,58.97711149424423,56.235543150337584,0.8732220968717083,21,0
10.085656209302726,6.796249521535362,3.881024185918046,20.762929916756136,62.99576197798217,5.930910354027384,9.126527461521029,0.8232735427842639,22,0
6.459148149744845,5.148766772884193,2.8316725904827007,14.43958751311174,79.6081955238306,4.289928535468624,5.143903917113815,0.6896101020985583,23,1
16.319246936423244,14.091091081350417,12.199749004947407,42.61008702272107,102.09810172991409,13.48622064189593,11.063002950550386,0.6387692831657903,0,0
6.311940412956952,3.814459814056112,3.102206854006571,13.228607081019636,100.0980700403365,5.789667822456195,1.6970813638953501,0.23209726393394522,1,0
126.18189905876389,77.34664968895618,56.41346109886016,259.9420098465802,73.22918759514545,125.66557401438865,124.80170804319299,0.9812851433011616,2,1
15.25619278638638,14.150059185023391,12.618790766317586,42.02504273772736,45.9670838950414,10.407574622396496,11.806321828053917,0.7262661056739577,3,0
48.02608703940875,33.16723115497262,23.448739998078217,104.64205819245959,45.285811825011116,45.13792826768664,45.152417063547226,0.9209875760072848,4,0
13.142382622553018,9.729669160005427,5.655661099621603,28.527712882180047,100.57145256682179,11.501485208564958,11.46990763289825,0.8110307816595952,5,1
8.472095108109073,6.3743747872167615,5.126290494809345,19.97276039013518,102.36236107489735,6.549039728215233,4.799102921815626,0.5066569610040241,6,0
6.80077842601911,6.620556228113942,4.912010639693909,18.33334529382696,73.15721526867313,6.637483122096631,2.9960088914430436,0.3840653749951421,7,0
11.148886696496524,9.8768133359072,4.2887615057393385,25.31446153814306,61.76669958169947,10.567094270674044,6.24652001220444,0.5141639862363522,8,0
6.082774083259174,4.512606209911964,3.047505976782733,13.642886269953873,60.320775613325225,1.9145540308833127,0.0,0.0,9,0
6.349672984095858,4.85920793857141,3.585665236795698,14.794546159462968,85.81598242975734,5.999132285889574,3.187598460646596,0.433706161831189,10,0
11.029579828699713,6.802670788743512,4.146849868017834,21.97910048546106,36.820365576651824,6.632928750307343,6.573255722499432,0.5464243819071061,11,0
12.03838637196766,10.255841576432811,6.169968818506349,28.464196766906817,95.23978823037879,9.381916280213,6.618881802141304,0.5076457786503247,12,0
13.850375252742229,9.121503993467678,7.447387460831181,30.41926670704109,74.02965317903073,9.627045707291106,10.399961602014113,0.7003164179365559,13,0
6.564262260611051,5.288420281123179,2.931023070405372,14.783705612139602,77.30422006190156,4.938206279229995,6.250106946677833,0.8262678806396833,14,0
124.81593686044388,123.10581922187092,73.56528599634348,321.4870420786583,92.8370854339646,123.08690636839177,119.44719160375608,0.9493804567560303,15,1
6.640171902078795,6.614493836195895,2.7310239605723794,15.98568969884707,80.3528806501121,3.3426419938221597,1.1358074454857645,0.1486625510581412,16,1
7.515379671659703,6.381319109862061,3.263011203453474,17.159709984975237,50.72164170212709,4.783086963019081,4.177832323143091,0.49062196686866044,17,0
8.89084526601701,5.63369357070617,3.360790906600904,17.885329743324085,30.024556372287662,8.80788286285402,3.597095804865357,0.3636793123459597,18,0
6.709947313511733,4.089599499257614,3.3431396368602337,14.14268644962958,117.46905960485515,6.0326496295382785,4.858145603389348,0.6301139820858978,19,0
4.18231775964739,2.5573240784744478,1.7687123247341423,8.50835416285598,21.130253658902248,0.24545796890102478,1.730855178020417,0.33399248334362774,20,1
10.352567390810334,10.24407419627774,6.885035416612613,27.481677003700685,47.52391810370083,6.80537306764046,8.180631370468642,0.7205974726994964,21,0
8.97248251665008,8.37083643283215,6.7203117591344395,24.06363070861667,42.431855885352626,7.8420871615972665,2.434040018944186,0.24407563662110285,22,0
78.4024334792602,57.62435475106999,48.13617211789834,184.16296034822852,28.352491468001876,77.34680376647,72.38268677856824,0.9115928014658958,23,1
5.877323183788645,4.772246749311435,2.2939411254815414,12.943511058581622,77.19958782835928,1.850161537288714,0.0,0.0,0,0
61.65328182021898,45.89654583663635,27.731968491826724,135.28179614868205,87.96972168333453,61.3698796593898,61.37590018641045,0.9796118958704522,1,1
2.6891324666330894,2.5666006493570563,2.1760794560314647,7.43181257202161,49.72872042813265,1.5391636968168867,0.0,0.0,2,0
13.127548823580723,11.410949218670428,9.267690233443462,33.80618827569461,59.69921622074742,12.345963970036419,7.2239412443999855,0.5113371990151813,3,0
7.731670689632783,7.317567186837055,3.9860234477231122,19.035261324192952,66.7681212484877,4.634720842800274,4.442146882676854,0.5087396261921637,4,0
12.464063792840367,11.719084346802417,5.8684977687860975,30.05164590842888,113.44330387534414,9.01862552409922,5.877878091400126,0.436560475487775,5,0
1.341793167522302,1.215859633432023,0.6401661104327819,3.197818911387107,106.55623831722035,0.8275802067349185,0.334151596487436,0.14269048228583736,6,0
10.119986928362916,7.384875780730328,5.451824541238308,22.956687250331555,79.42418273085971,7.104236327748181,4.659727252061144,0.4190407130943587,7,0
4.213205986900372,3.694736115238636,1.9089460494519737,9.816888151590982,82.5330169954454,0.47781465125522793,2.463494875648059,0.4725489232227297,8,1
92.76561320173207,87.17913462325443,36.83304581735256,216.77779364233908,93.41512590416463,91.05901997198181,88.93738624237588,0.9485074880386214,9,0
5.271735761673648,4.318912124128655,2.1047077739577666,11.69535565976007,49.59320294366161,1.9526133874100227,0.0,0.0,10,1
12.267791542448112,10.127894002135125,6.584541588917862,28.9802271335011,26.93940859041834,11.818407283767309,7.460495497175423,0.5623012295080758,11,0
7.539660706598089,5.40851052987281,3.5844100571840496,16.53258129365495,89.783278550517,3.0383401505877368,1.2021311481846801,0.14077036424361272,12,0
10.498038328390294,7.5410520826262175,3.020614013177605,21.059704424194116,47.195455939819865,9.408581430256573,5.203361647478308,0.45254342513630935,13,0
0.7712712087690048,0.6679381398774871,0.4530552360658265,1.8922645847123183,54.27309254279072,0.09838987324846604,0.015920027485157195,0.00898791071990679,14,0
11.17345373524224,7.166358759961081,4.307079137729342,22.646891632932665,92.89392001051573,7.2743493151919,10.227704756913532,0.840164589224523,15,1
8.14748081295819,8.009402673329904,5.469400629264448,21.626284115552544,71.44613277398942,7.722198885511984,3.7564984006173914,0.41065933642582664,16,0
6.3071437468298965,4.390526693633412,1.9646844653825806,12.66235490584589,51.491844458889574,5.823919575391135,4.891968140238025,0.6694774743360342,17,0
9.933240863435325,7.25897809521098,4.013285583010894,21.2055045416572,60.27037209945602,6.570704550067079,4.4757073493945345,0.40936693934576196,18,0
93.23682084879654,60.7279706785424,41.856526310170565,195.82131783750953,89.3422128056309,89.73376336682428,87.20904396351976,0.9254242999500919,19,0
6.815510353856423,4.159341428551592,2.25548895821241,13.230340740620425,64.30337063376194,3.7299806317131416,0.015835709830779976,0.0020261901160384403,20,0
119.76105299140247,77.03244387520573,49.24264580149188,246.03614266810007,78.55637287933018,117.05418088686527,119.07279573513893,0.9860198531360626,21,1
85.4390322259184,73.05974151875222,59.180856471558165,217.6796302162288,24.157895984659376,82.94838250817818,79.92454892909687,0.9246349348313483,22,1
8.247822804082961,7.911098158392249,6.368135058304488,22.5270560207797,78.31302190995835,4.596714215296715,5.329243042420572,0.576270021098121,23,0
4.4053371001914226,3.2751418440786515,2.8024392954190964,10.482918239689171,22.09341178267333,2.8264713439439424,3.95028591797025,0.7308121297060929,0,0
8.310965642373606,7.232743851851931,4.324953809984804,19.868663304210344,95.62537914224343,6.0400473286900755,5.012727819720282,0.5383682007060234,1,0
3.3695816512094425,2.531013023398678,1.090913137696447,6.991507812304567,53.93052673095674,0.8399233796116503,2.074197598151733,0.4746902023395358,2,0
5.883412303579491,4.364853124186706,2.620448666915709,12.868714094681906,31.514617839520113,1.467044296448372,2.5648070594086754,0.3726069202733842,3,0
4.483024428022065,4.148991307836655,3.6106678858759906,12.242683621734711,84.8765386159386,-0.2898052162719882,3.271565913062359,0.596671774129326,4,0
7.1896155114517075,5.468311640548458,3.1117001118321217,15.769627263832287,32.68240225504188,5.230903258640317,5.888328990607826,0.7189994429377125,5,0
5.834406581391459,5.535482070089338,3.811128513190392,15.181017164671188,54.54808537234457,1.8193471737598568,1.5121754358920905,0.22125921510280083,6,1
12.281449159757084,9.315786840424748,5.106568739078133,26.703804739259965,34.34694570180201,11.524221550080298,8.819277285022533,0.6640297439638609,7,0
116.8980291907873,108.87595668975365,47.91558760678519,273.68957348732613,67.68388777331245,113.74756355647898,110.26880594184098,0.9352896456258789,8,1
13.00930002978393,8.452640961322409,7.079651520222691,28.54159251132903,117.09402496046185,12.123532413670802,7.232771516153647,0.5162835759657295,9,1
7.049903721520179,6.125663281772044,3.924338649763896,17.09990565305612,100.96750362658894,2.2972396167481346,6.8733745320618524,0.8538455576415086,10,0
105.82668036439846,75.36276671995549,35.12581904419649,216.31526612855043,63.98556397138349,102.6068974671604,102.77906560421066,0.9621104508126537,11,1
6.7624454012900514,5.254629295861441,2.2289157774966792,14.245990474648172,102.04875844802748,2.630741346539118,2.058441693853024,0.26517953910644304,12,0
4.706348114012995,4.378658853466503,3.1339348577580575,12.218941825237554,98.44054732127972,1.713533147924195,1.3932195682876651,0.2441525719165917,13,0
7.322261154680999,6.067540887819588,2.987773623719156,16.377575666219744,25.958709735314372,4.300464556107143,1.2127229998784346,0.14572037302582339,14,0
4.136500646804319,2.6144433440559314,1.6233519319718945,8.374295922832145,36.336675839842016,3.2142053915049025,2.51814905353869,0.49024603065228073,15,0
65.88847063739115,49.62150596638106,40.66846159607806,156.17843819985026,34.53266924205041,63.35998691848428,65.39213930173872,0.9776294580905551,16,1
9.59005451295459,9.122188408724496,6.193389752309223,24.905632673988308,115.97910204048502,9.34658027095494,8.80599303470866,0.8315342497941324,17,1
4.313084485734093,4.219871639020107,3.464863549753858,11.997819674508058,49.661248215709314,3.927146834601753,2.9539878999816347,0.5559836113868027,18,0
81.37303542449358,56.82596231351079,32.90620194263262,171.10519968063699,118.95053333843225,77.95146417986686,73.78119008811757,0.8956958998524264,19,1
7.379107697825589,5.639966566714852,3.6367747358912657,16.655849000431708,61.54430005920896,7.259082473601144,4.696134848085889,0.5604576307456407,20,0
118.73549721478929,99.70740831423394,76.20917815224931,294.65208368127253,51.53637432661175,116.76976156731922,116.8401052636155,0.9758184329749777,21,1
8.324087970403603,6.576328740478499,5.663647041596634,20.564063752478734,27.27349477786684,6.921083904214024,5.524585141837891,0.5925067587708263,22,0
5.504015863672494,5.227290092929777,4.261869100455454,14.993175057057723,42.46573976417666,3.5073529626763813,2.2266329093323414,0.3423473982849532,23,0
9.561588402559018,7.343341980583641,5.060883556420506,21.965813939563166,103.26117733261312,5.540760577639597,2.6302029342414164,0.24903478851761843,0,1
0.0,0.0,0.0,0.0,60.273948474683074,-2.5980583790150376,0.0,0.0,1,0
1.7286238464383508,1.4999054973103962,0.9627912434990171,4.191320587247764,61.83895333783335,-0.06043240023961438,0.0,0.0,2,0
1.2043438658313734,0.9892344549344749,0.6777675264698887,2.871345847235737,41.010719291235176,-2.5070130954300605,1.0027511072628164,0.4548977692664236,3,0
6.13546198468754,5.073759418142748,4.04947802356476,15.258699426395047,93.50251861898234,3.0849223745063665,2.2300405822010276,0.3125292499611965,4,1
0.677439443146624,0.568859255995085,0.3736574365563386,1.6199561356980474,48.81845259595295,0.6451176541980712,0.0,0.0,5,0
0.06578707002192785,0.044061791880331644,0.028015577603091226,0.1378644395053507,29.142199181713817,-3.062622491284835,0.0,0.0,6,0
7.661765099576849,5.198643393623198,2.1381097823029473,14.998518275502995,106.16648846991009,4.776179687637317,0.5364974558821096,0.06193858292327958,7,0
3.2934107958852112,2.7297408556497498,1.3386446480523593,7.36179629958732,46.87976150301982,2.3001879113981825,1.318554575119348,0.30711120780314,8,0
4.5290274269966,3.4900680773441626,2.4699574398311395,10.489052944171902,28.157492561136593,4.0900862417058,3.1543917441353324,0.5705147579361559,9,0
3.4796164015492543,2.1070638071227097,1.5269668274653996,7.113647036137364,86.88765310406853,-0.5136625002339281,0.0,0.0,10,1
6.144187980517498,4.813402483763949,3.284161985381684,14.241752449663132,86.30272037231474,2.748854958039311,0.0,0.0,11,0
1.5275364572601173,1.073058625694789,0.5476092116758217,3.148204294630728,33.81252931402472,-2.768022330974465,0.0,0.0,12,0
5.017392931688388,4.535734338747758,2.5232245333997554,12.076351803835902,61.06826330102828,3.9689415445373837,0.0,0.0,13,0
2.2212581871332047,1.9472932240341263,1.7191084063137994,5.887659817481131,59.355533610631554,1.567671569184418,0.0,0.0,14,0
1.2497745533760158,1.002047211704688,0.5572333122078338,2.8090550772885376,62.746652816668906,-1.9763183258473036,0.0,0.0,15,0
1.5083628494058976,1.4536109036479272,0.8505311324554233,3.8125048855092483,95.12789243737669,-2.976613597416158,0.0,0.0,16,0
0.03455232881751735,0.025420019239770567,0.010961510466191022,0.07093385852347894,68.6173654104883,-0.5105157493871262,0.0,0.0,17,0
7.770473772637338,7.326720469952516,5.731880073257756,20.82907431584761,34.66951140151815,4.318859538133693,0.21028125599278802,0.023976042964615706,18,0
1.507882042897684,1.2942001047459633,0.8480701801266947,3.650152327770342,31.99529417309698,-0.05243818036241921,0.0,0.0,19,0
