rain_A,rain_B,runoff_A,river_flow,storage_B,hour,flood
27.45071229516849,13.340828385945784,15.438485272171711,29.43848527217171,33.300040743977206,0,1
24.185619383002066,95.9225775041581,20.146066038933075,40.75300572945327,124.70110943885946,1,1
11.429297513687878,3.9110059470347416,7.046066552035514,35.5731705626528,36.13768197623244,2,1
6.379638867181837,0.0,3.699358082156787,28.600577476013747,24.51404743394971,3,0
21.833287478340193,76.77019354502389,19.34981244973448,39.370216682944104,116.30571293542158,4,1
24.36551001893273,7.373283116704328,17.00885019525049,44.56800187331136,34.88039807743287,5,0
32.338173681547836,0.34987620034773315,23.240931627530124,54.43853293884807,38.04459864666619,6,0
23.279574740807938,63.420446964149136,12.060936191410764,50.16790924860442,101.68176376808674,7,1
31.60550625250523,8.542300060044482,22.663626906039863,57.78116338006295,47.28238092182001,8,0
82.46462713360398,22.340115466090417,65.27923528289183,105.72604964893588,126.5474287386871,9,1
7.411737151660422,11.289451489785424,4.686880249514784,78.6951150037699,61.00738633465163,10,1
37.69574517051051,4.221504726531862,25.96806997910187,81.0546504817408,57.701129917654534,11,1
25.42093408262621,33.45643879759163,18.02580976073085,74.76406509794941,94.29723012066238,12,1
0.0,27.509899408073053,0.0,52.33484556856459,69.64947019973471,13,0
7.872595956602186,8.978915476985561,5.930910719261331,42.56530261725654,53.065088917516086,14,0
40.577932003246644,17.106639527457993,22.075237805747523,51.870949637827096,54.140815978605744,15,1
84.87169625907127,18.132663266158673,49.97611478035131,86.28577952683028,75.07546931158518,16,1
17.580714325009865,19.848610281774462,11.34750442632385,71.74755009510504,97.75863216961133,17,0
19.721737932325397,0.0,10.15185884970253,60.37514391627605,54.62635354489825,18,1
17.11458552828316,18.61856810800335,15.304892363288387,57.567493104681624,60.12632155765739,19,0
8.369958410645838,24.277690270670988,6.301928607273773,46.599173780550906,66.99817508244607,20,1
68.77767285056935,8.204427244766737,34.8451853338052,67.46460698019084,65.95726989060371,21,1
4.065444294108428,20.683109167622177,3.5560115821862177,50.7812364683198,54.6435928406262,22,1
14.648824613477087,21.673461582407583,10.577628032490807,46.12449356031466,61.56309006389566,23,1
23.898241913726352,24.381874461327726,18.888746729776944,51.1758922219972,78.04261878181654,0,0
75.72976124645173,29.604849563761324,56.23477178359826,92.0578963389963,85.26291797933315,1,1
22.622495179872068,0.3977412916891314,13.340660138841933,77.78118757613933,74.7635266391035,2,1
37.378933685111065,5.1518121797794745,28.52181431926298,82.9686456225605,78.5088971105123,3,1
0.0,5.738631006080897,0.0,58.078051935792345,66.48962524791683,4,1
20.195028378168605,32.442408925887804,11.674689260772276,52.32932561582692,82.74272028606507,5,1
20.629700967050344,13.352738194826207,18.186554998520066,54.817082929598904,71.31808652661118,6,1
27.09856436860317,14.126053048117527,16.740939086306206,55.112897137025435,57.80571708240281,7,0
6.10930071182783,8.844416188372538,4.755552488825831,43.33458048474364,47.196845307451085,8,1
20.873130776689997,1.2843564260325238,16.256125674427285,46.590332013747826,45.603038987947684,9,1
33.576829399348384,7.753147530185656,29.053903593176308,61.667136002799786,60.5199397591432,10,1
28.563357660397507,28.626787682167187,24.45029518939855,67.6172903913584,80.62432025283374,11,1
81.09926269693848,4.728852986047581,49.844945060413814,97.17704833436468,91.74279814659893,12,1
6.6031958955616545,10.982193031263195,3.8716413569580483,71.89557519101332,76.51107266587668,13,1
20.683577598557207,7.180795828730195,16.34905537715563,66.67595801086495,79.71930677277876,14,1
35.72029615992428,7.457163030291522,18.98114215083482,65.65431275844028,47.68194350378441,15,0
27.574809184706858,25.389062330041458,15.512893232783444,61.47091216369164,69.96293923458818,16,1
34.18072535131351,30.1968822644745,27.17910341452041,70.20874192910455,91.78237772700034,17,1
0.0,9.189191125604983,0.0,49.14611935037318,41.52912265766183,18,1
76.10375558657326,37.464068165667655,43.32440290319433,77.72668644845555,100.96100558747361,19,1
98.13051936294511,30.87916568581484,68.81446862738977,123.22314914130865,157.58274288998223,20,1
16.96313711252673,15.730759285405924,12.386307509874218,98.64251190879027,94.06129471491062,21,1
51.995500619843995,0.0,45.98878413275981,115.038542468913,121.09823461830794,22,1
12.703508509214592,17.491179135428638,6.4700083480656785,86.99698807630476,105.11752441536933,23,1
25.35523228947571,6.68508485687215,20.132774970703814,81.03066662411715,87.85678253576752,0,1
28.276055156976113,6.478464504870194,18.804907654924396,75.52637429180639,65.84287767540758,1,0
28.20646071755057,12.573688170793272,22.574996469817737,75.4434584740822,86.3024252492038,2,1
20.18219763609838,26.17120900768895,17.320549532140074,70.13097046399761,81.89733700400947,3,1
24.86249528732663,13.438283347587785,18.714867527635008,67.80654685243334,69.32598260744123,4,1
38.07384382667861,0.640074369437734,31.062441053928048,78.5270238506314,51.337360594530395,5,1
21.137068372905894,6.87405946185466,13.535460031809915,68.5043767272519,51.98648699605185,6,1
72.57189236673126,31.294569457199856,38.398165809822444,86.35122951889878,118.58962047463778,7,1
37.31531507613386,9.27141923309615,29.902675279836266,90.3485359430654,80.47779214256681,8,1
24.663613483970067,32.70427460339462,13.42881943158084,76.67279459172661,97.59342307444106,9,1
54.46591085428189,14.421654173570245,43.48656098208656,97.15751719629519,101.05549490470175,10,1
0.0,4.870357037787123,0.0,68.01026203740663,46.08982876452182,11,0
85.51555860320909,15.151108809381538,60.650981040942426,108.25816446712707,114.17477813097432,12,1
52.29773686267335,5.791829245343406,27.099565567520088,102.88028069450904,81.97278356708544,13,1
18.33602096555735,26.715709517773234,10.547767894282616,82.56396438043893,95.39647744040211,14,1
8.61301007669453,16.80472543771449,6.711814589553022,64.50658965586027,72.79955339110961,15,1
28.57021265490182,26.646285840158527,23.68513190620754,68.83974466530972,100.64212439641905,16,1
0.1965018946903676,36.977505190252245,0.10180516908568175,48.289626434802486,66.58790672547786,17,1
24.432162866347753,1.8318495772000993,20.445996106327886,54.248734610689624,57.12022605281274,18,1
74.58889505020213,7.8074997245547255,67.12158217012964,105.09569639761239,123.23603878702009,19,1
13.249017927811344,22.474199188169983,11.68060462958473,85.2475921079134,99.46021844483411,20,1
35.90670221165702,33.49645196301819,27.59894260482113,87.2722570803605,108.56401992831807,21,1
37.689457760957396,15.810221776921308,32.060968451831826,93.15154840808418,90.49367769368014,22,1
42.33567760826719,25.533902021761364,21.414142114787786,86.6202260004467,92.69002441041555,23,1
2.251122310013372,0.0,1.5883824374706963,62.22254063778339,61.71396509827362,0,1
34.723210650951216,18.968406684767185,30.23124424349449,73.78702268994286,81.39651834050814,1,1
25.760981734089608,14.607663022870883,19.407302002408773,71.05821788536878,65.77475360577093,2,1
3.4812214272933204,20.852079299079527,2.4005968807659404,52.14134940052408,69.54056958401826,3,1
12.04613572441339,40.3109608568759,8.243309293666778,44.74225387403363,71.77223098713874,4,1
121.44729295010754,15.423162623660744,64.69541171681851,96.01498942864205,114.97047746019592,5,1
18.315079254637553,12.348364805601324,10.509346464782201,77.71983906483163,67.11556610353057,6,1
55.612126151008944,11.271308824593675,44.43344231778746,98.8373296631696,72.3865415310949,7,1
28.648354445836496,18.735001854522434,15.552297929932294,84.73842869415101,88.53456954248837,8,1
7.842412295311718,47.02866401788227,4.584511127611402,63.9014112135171,95.83328223242201,9,1
23.273340987966442,25.926769468452967,16.27683659737032,61.00782444683229,65.18287297480515,10,1
42.84686115904486,21.466920524215904,26.286993313938485,68.99247042672108,75.38737507862295,11,1
0.0,26.2954149367257,0.0,48.29472929870476,57.730030997226166,12,1
10.240361463172595,9.154495394823648,5.830344045181533,39.63665455427486,50.70887880345618,13,1
0.0,23.215706418662023,0.0,27.7456581879924,53.3123989639691,14,0
11.348430041475009,24.064694709909073,9.892998378673923,29.314959110268603,49.814410897479334,15,0
33.99518210582525,5.859181011266168,22.782706735000158,43.30317811218818,42.8316591984632,16,1
23.895837525822227,4.148200498747098,13.42336930860595,43.735593987137676,40.91103096385589,17,0
17.77172892489426,79.70888764397462,11.177378522762394,41.79229431375877,121.70751983140448,18,1
36.59493657242664,24.259657791616036,24.32598513867312,53.58059115830425,65.75429646547187,19,0
25.56718810056963,7.752177759410153,13.463643080585681,50.970056891398656,57.22169272310166,20,0
18.202236209516016,16.364753522555766,10.292679756411053,45.97171958039011,47.72357587035614,21,0
24.346622853446192,39.90480958374526,15.995196635162728,48.175400341435804,88.4800522461744,22,1
9.85380469273942,0.0,6.908385761981336,40.6311660009864,29.09623588261523,23,0
32.441083717752335,0.0,17.737461508900672,46.17927770959115,49.407950944125425,0,0
6.877899293829476,10.195525521989364,4.906586314030515,37.23208071074431,49.17551434788044,1,0
13.109586506896338,4.801867566422498,6.730631795030391,32.79308829255141,33.821941918453035,2,0
14.787098993405674,24.949664215023223,12.400179029132206,35.35534083391819,48.41657126997791,3,1
13.335601098858326,19.527605916538228,10.508648560621952,35.257387144364685,51.984633357822005,4,0
0.0,18.37157185101839,0.0,24.680171001055278,40.37877907937175,5,0
29.815484845310866,14.332983949074539,20.941068918133087,38.21718861887178,48.947328044104594,6,1
46.73245427804118,22.083295428741458,26.217636678463347,52.96966871167359,69.12799841596049,7,1
43.89779939959095,8.865411882825779,29.86524221472998,66.9440103129015,52.82212252485485,8,0
58.0803665260623,64.69532167112956,47.6921922875454,94.55299950657644,121.64610720950975,9,1
32.78369733545402,0.0,20.94161217194005,87.12871182654355,84.40599395506136,10,1
16.106129729545927,0.0,11.263775265079733,72.25387354366022,58.486817352557445,11,0
36.20689803508024,56.541494880668424,20.68190105715213,71.25961253771428,133.5400116254827,12,1
8.013341437621023,13.025572103403645,5.915080091062277,55.79680886746227,48.37498411805338,13,0
22.971271411517826,13.26767505691269,11.821472641814678,50.879238849038266,55.80442179282939,14,1
40.82873403560432,0.0,29.554129514834447,65.16959670916123,44.160230135664506,15,1
0.0,5.666199748909497,0.0,45.61871769641286,36.59917099516214,16,0
18.661682366094947,15.359803614325894,14.346300769096892,46.279403156585886,43.58354146986109,17,1
12.132196005803396,20.872494734735017,6.548674990120279,38.9442571997304,48.97412922962562,18,0
23.519780077326295,18.03306609045464,13.688364257657465,40.94934429746874,48.60477633717575,19,0
24.89199533363177,0.0,20.585118196536126,49.24965920476424,37.96698956355626,20,1
39.7364976242324,0.0,26.375682869968315,60.850444313303285,53.306424706356715,21,1
23.165262008039278,13.839442657555292,19.629946286926316,62.22525730623862,66.33986290638056,22,0
65.71136828209929,31.152530489576606,49.506372381723494,93.06405249609053,98.99099853485633,23,1
0.6732893036401286,82.78176132946858,0.368356869660854,65.51319361692423,140.97439524147916,0,1
50.0836106845993,23.6110989575166,25.26208966297401,71.12132519482097,71.15163777971998,1,0
23.840446014708135,26.792291807346167,13.592594807575143,63.377522443949815,93.79538708665356,2,1
72.40554405749474,0.0,38.600805068089215,82.96507077885408,74.79932119345948,3,1
0.0,5.418731430995356,0.0,58.07554954519785,56.71119153321028,4,1
27.39976851321334,17.218033484338488,14.041648529484855,54.69453321112335,57.20695815153266,5,1
19.919952937450052,7.09477409062372,16.1025903957341,54.38876364352045,42.626905873988434,6,1
19.475172642545573,36.24960762762612,11.657075175995129,49.729209726459445,86.45378893502644,7,0
3.6832859710735733,26.153790088137235,1.976572171891116,36.787018980412725,65.09861743214476,8,1
18.883498563499305,22.448065170608135,16.035457856863594,41.7863711431525,62.81839828838093,9,0
39.294029201069016,27.74651821096454,27.33960612578479,56.59006592599154,67.95968621457101,10,0
26.44427328698879,17.492252245957335,22.905905736477713,62.518951884671786,56.06475687770224,11,0
26.699595972756285,12.440731488410503,18.4143291820947,62.17759550136495,76.5471584182984,12,0
97.92505222892208,8.807463261391513,53.68513354918844,97.20945040014391,70.8734227199313,13,1
91.44795539682723,4.264712373365953,74.64798438218625,142.69459966228698,112.62360256935997,14,1
24.005753988038883,90.47952450351843,12.20711229175741,112.09333205535829,206.75963625951704,15,1
12.240673248494417,31.91216928222696,10.398095056024216,88.86342749477501,128.9547407860911,16,1
0.0,0.0,0.0,62.204399246342504,48.35216868554864,17,1
45.65284588805554,5.78642921875046,30.638047323825326,74.18112679626508,64.54999716857739,18,1
34.764835977148756,12.432133869293892,25.912476521544463,77.83926527893001,65.63659285687567,19,0
37.50654371575454,34.453302693452585,21.401654397665553,75.88914009291656,88.35304115354384,20,1
89.20329829603469,29.268198373290623,77.70507461309327,130.82747267813488,172.84531997244116,21,1
41.30756371984782,8.151044475006284,34.13381337804892,125.71304425274334,97.68642479635886,22,1
55.36064547549063,91.35249412401494,33.561838656156745,121.5609696330771,172.16105561040587,23,1
28.152486541840126,74.34144436969359,18.273086654715073,103.36576539786903,149.78572794510436,0,1
7.386368029282174,14.900663105399408,3.9181162332734574,76.27415201178177,93.12769709028619,1,1
57.90398638810432,8.629574724956152,44.65592842153011,98.04783482977734,95.192672704715,2,1
23.600341065275693,18.666651844527102,19.98754611127268,88.62103049211682,103.22719861927206,3,1
36.00012034383731,29.031547085348073,20.28398132299771,82.31870266747947,114.6788377433225,4,1
14.445149471040551,4.997292152648798,11.94883710583311,69.57192897306874,75.68703949895952,5,1
22.86648602029855,15.557238577873786,17.232236028836002,65.93258630998412,72.91810669098685,6,0
23.998708200424044,10.183442912013282,15.28115024205576,61.43396065904464,66.47605355486071,7,0
13.303495781742075,17.32907991477969,7.010147267886076,50.01391972921732,61.8957450842989,8,1
12.798021984562238,16.533632368401392,11.358899029201835,46.36864283965396,61.73498709228379,9,1
43.482860438515104,14.210996867124146,26.50065827613028,58.95870826388805,78.98080807924383,10,1
1.551959326387781,12.86711614215113,0.9130298470141047,42.18412563173573,39.9151777101588,11,0
0.7954340199365824,25.469487939361734,0.535274533469011,30.06416247568402,57.692496594052535,12,1
1.5911032861871384,34.921643441378905,1.056068716131974,22.100982449110788,58.06246831498362,13,1
1.2269086371433389,32.32517524887911,1.088608270225265,16.559295984602816,43.79683880325283,14,0
30.61573311874431,23.670480963480927,22.97674425561281,34.56825144483478,46.67988479666747,15,1
22.947817545522053,23.508045091062147,12.550695539522888,36.74847155090723,47.857321283273095,16,0
0.0,64.48568165533763,0.0,25.72393008563506,90.17821697869516,17,1
71.54625965932172,14.695331443386154,52.94482020432976,70.95157126427429,67.6132333211583,18,1
84.80224875671057,20.74646596718203,50.61150903655369,100.27760892154569,130.38311415268996,19,1
56.03039422753184,14.728762926662165,28.234182886899493,98.42850913198147,89.85241833571725,20,1
59.43547914839188,6.816189024026418,32.87294934703171,101.77290573941873,96.7600730943743,21,1
11.432315153258049,21.8709933762739,8.626506050968834,79.86754006856194,98.00375661374056,22,1
47.17970186202307,19.295108744301224,38.71996770446916,94.62724575246251,92.13207459101315,23,1
39.76091098451489,17.371195256308795,28.252555229654472,94.49162725637824,108.63071380732417,0,1
4.526356296947631,8.648421149445362,3.165182675785816,69.30932175525058,69.47994972413309,1,1
20.570052172523006,16.440375920619136,10.879076102051423,59.39560133072683,52.98804861945787,2,1
36.36569153247001,13.67119885103165,24.37218950609933,65.9491104376081,64.6477176274529,3,1
23.36677727839958,27.565179631345856,16.232142544233998,62.39651985055967,92.25237674813287,4,0
0.0,8.12677890541769,0.0,43.67756389539176,47.938148621796714,5,0
10.61655947735706,19.74964240124891,6.071326303637468,36.645621030411704,46.089476351228114,6,0
24.857001914089178,11.502120252078116,21.0861937420941,46.738128463382296,49.951364436974394,7,1
37.23148550558155,0.0,33.05280708397414,65.76949700834174,47.95035121989994,8,0
36.6158067542255,6.503053605670303,24.954251438869534,70.99289934470875,57.47774660480924,9,1
21.15232836590383,0.0,14.221873938658186,63.91690347995431,46.29866516550788,10,0
7.424187633231721,80.70405364903613,5.683377562557073,50.42520999852509,122.92586043888531,11,1
25.439834333767536,30.584862047325558,13.858803797354373,49.156450796321934,66.70869927804965,12,1
75.79883971495576,15.623350629687593,66.21407696443754,100.62359252186289,91.90388768304526,13,1
33.74491512053722,19.15786171077591,23.470892103362477,93.90740686866648,106.81405241175241,14,1
5.92298134691227,22.73121791411162,3.183959548689109,68.91914435675564,87.26028576847355,15,1
17.139763988549802,17.609194478156674,15.046067907080078,63.289468956809024,77.20407829036134,16,1
34.44448293671195,85.92939688569174,26.72239843248119,71.0250267022475,152.56910355166866,17,1
3.6561035255802103,34.573510227382464,2.790111977768324,52.50763066934157,92.3165120283058,18,1
19.037924801105113,18.945148923641764,13.836887575619745,50.59222904415884,67.98038211609762,19,0
0.0,3.7953329671173286,0.0,35.414560330911186,39.17117896582829,20,0
17.7491661945121,59.490350637669316,11.476337771787422,36.26653000342525,88.43417304311687,21,1
5.129114758155392,0.0,3.030834178788058,28.417405181185735,18.090462220380964,22,0
36.34497297524692,33.4077374501948,30.72362175254717,50.615805379377186,76.91409198403836,23,1
0.0,0.0,0.0,35.431063765564026,34.80895206579429,0,0
16.20971467998554,87.082455428631,10.384738714058477,35.18648334995329,109.97866658438639,1,1
6.941410756073656,3.1887314964899574,4.967721332105635,29.59825967707294,25.55477036227947,2,0
5.155577951444936,26.28925425585859,2.951360812674304,23.67014258662536,48.55241816865751,3,1
110.39188629761324,17.66739260949941,97.71566879846378,114.28476860910153,113.86920494862281,4,1
11.315551172087439,15.764260723819392,8.380803320683109,88.38014134705418,104.99235912508782,5,1
9.47012468289867,7.045188989388622,7.916498843245161,69.78259778618308,80.31772347027228,6,1
31.20747836389372,6.590019853606972,20.893260135026008,69.74107858535416,71.71249199788532,7,1
7.469794201103641,40.74178953328066,5.93661519132365,54.75537020107156,97.21639834856465,8,1
38.368766564392146,34.480758747588546,25.183815644404042,63.51257478515413,91.4666649669391,9,1
7.944881480454038,34.669401665328806,6.172970002248562,50.63177235185645,90.1429889842139,10,1
24.540280234939786,8.590219803742839,13.04972954589862,48.49197019219813,39.76227056213471,11,0
11.274786290770344,2.8229192316855976,5.950488741563672,39.89486787610237,37.113750846388406,12,1
10.67272549240413,23.416476778070674,8.115016941825633,36.041424455097285,54.64561035200195,13,1
38.41503488709938,0.48430777570553474,27.7784252186357,53.0074223372038,51.653711266600396,14,1
21.44650578190235,6.829352615531018,16.642530443161696,53.747726079204355,44.477852692119185,15,0
18.331609079769496,4.153108302422524,14.041365262226781,51.66477351766983,55.70034344744478,16,0
11.991363480248001,0.0,10.442083961292777,46.60742542366165,40.547461094959765,17,0
125.00075991959773,19.71981407273246,103.80401257041778,136.42921036698095,154.92307753575648,18,1
85.68847101362327,0.0,53.316199921922546,148.8166471788092,118.82871748876155,19,1
25.828679067964462,44.915994209193485,23.16479191381426,127.33644493898069,175.5265747983731,20,1
13.421191906140566,28.995632966841473,11.03718773587497,100.17269919316145,128.66899310755304,21,1
17.37560364956887,5.931058086085864,11.093278493402329,81.21416792861534,94.27624418600873,22,1
16.62280208974968,17.370947064616892,11.5499345976672,68.39985214769793,79.14466400637284,23,1
20.155289297650707,0.0,13.040749692077648,60.92064619546619,38.628938287480466,0,1
27.616365054672503,15.647861021349515,19.39930190879552,62.043754245621855,66.5085911675319,1,1
1.8545788573833875,22.199144759954454,1.0400662600553758,44.47069423199067,50.24569155339144,2,0
9.669998675555853,72.04952567991279,8.639868899565693,39.76935486195916,100.66715781733004,3,1
82.17809042844038,56.89580403937346,73.85170288848897,101.69025129186038,159.2963754395749,4,1
34.24331203161986,0.0,18.912038502404027,90.09521440670629,93.99652707701348,5,1
12.393381588010875,0.9474977498897452,9.83347597670531,72.90012606139972,72.72878524978228,6,1
61.74487233890058,0.0,34.2587646801148,85.2888529230946,74.00130528870801,7,1
81.68873182135279,21.95149799521306,68.4341496280269,128.1363466741931,105.11727778676368,8,1
13.350766232127345,4.382367431677189,8.68274176581423,98.3781844377494,82.8132081390668,9,1
24.273348388582985,17.48512634679542,15.199066780152688,84.06379588657727,96.84701161620623,10,1
106.23936775550598,9.145063102251568,80.19803668934757,139.04269380995166,138.40985214704722,11,1
100.26244021879013,33.73813436072223,79.70598377009708,177.03586943706324,185.30048257085738,12,1
55.00451573971387,17.2161636703789,43.728773936270336,167.6538825422146,147.42047827014613,13,1
38.00620861916638,7.117268652343251,21.649998598083833,139.00771637763404,97.36077576300016,14,1
51.56117888987756,25.555111055836388,31.87398185437611,129.17938331871994,152.74662698317567,15,1
1.2111648145175664,8.9704501570726,0.9808660789568663,91.40643440206082,93.24280675456676,16,1
10.347226544297856,26.134081536974847,7.584196947749943,71.56870102919251,95.84461501776518,17,1
7.193951979726322,19.310512805494092,4.243325560063768,54.34141628049852,62.02740415790747,18,1
50.843106949104836,1.7614996113398025,27.892556462444823,65.93154785879378,47.83019585306602,19,0
0.0,25.956002643291598,0.0,46.152083501155644,74.85243979996511,20,1
16.269633107246793,34.28814691223991,13.187822586267057,45.49428103707601,76.51052105911897,21,1
24.89412006270028,51.956332519109594,13.758768792186185,45.60476551813939,95.8732636128729,22,1
20.457182753984974,0.0,14.665649620495225,46.58898548319279,41.70524128032576,23,0
28.482644684473165,0.0,21.49062656271389,54.10291640094884,53.05119728537314,0,1
16.242979415121344,14.764518170274306,14.565469156952755,52.43751063761694,48.8273508789061,1,1
11.29214825292916,22.062940853047316,8.428393736858686,45.13465118319054,53.38694696830103,2,1
94.60937637226438,92.28707904915021,54.96731199602814,86.56156782426152,185.69019100869713,3,1
6.6876173329684985,9.750500396119076,6.009049780783316,66.60214725776638,61.976891544406854,4,1
28.835854211088012,19.064646034435626,19.177248404352675,65.79875148478914,81.42929970013563,5,1
0.0,83.67909991906181,0.0,46.05912603935239,126.10705172065434,6,1
43.13164928851813,39.07311465790947,33.236695773608965,65.47808400115564,104.71453372915471,7,1
62.236395185888135,30.748903460911585,50.657860972031386,96.49251977284032,122.78737361879075,8,1
0.0,24.61123967555355,0.0,67.54476384098822,68.13034552960639,9,1
42.70174614863197,22.56974021465733,32.32633548811471,79.60767017680647,87.10163036536935,10,1
14.755817198332945,18.13995567235775,9.643416148534678,65.3687852722992,76.05252468625328,11,1
12.66725867320589,32.532261356186076,10.547757972595601,56.30590766320505,74.00355586003201,12,1
24.847515712771724,13.228768964415975,21.0978293011568,60.51196466540033,75.00947488581637,13,1
17.1183342091784,31.68599737488896,9.111072564693261,51.469447830473484,81.30098316519167,14,1
44.91888821821805,9.514844920964737,33.42369822004165,69.45231170137308,55.88655889799014,15,0
67.58443243528018,16.458060136820585,40.86710825779135,89.48372644875249,81.1985876534722,16,1
7.3957785401430645,3.9260377232780037,5.995640977684211,68.63424949181095,47.34976600166209,17,1
0.0,25.6085447563326,0.0,48.043974644267664,70.3804769687664,18,0
87.28783130023243,16.160998739509395,69.16062649088062,102.79140874186797,128.27029914788432,19,1
3.3440072405596872,21.80466620865724,2.97216076434003,74.9261468836476,89.55765624722626,20,1
8.981126348029262,5.276970755827428,6.370819135799979,58.8191219543533,43.94374606395893,21,0
15.566881397801763,16.82778616291949,8.292324204674657,49.46570957272196,57.842295121977,22,1
26.54839706236502,25.847218093034343,20.187119364377697,54.81311606528307,73.6834979139567,23,1
40.95839633838144,77.13528561181394,23.778213207959013,62.14739445365716,122.46002780386877,0,1
37.42900720184144,5.7796206322311345,31.85702692777903,75.36020304533903,84.13847605150615,1,0
15.62283096626684,0.0,7.981188294971936,60.73333042670926,38.42004424920655,2,1
21.25020606489864,25.575417377193222,16.207788058336103,58.72111935703258,84.94549790011256,3,1
21.699056158066465,0.0,15.862820432145979,56.96760398206878,52.25588231773603,4,0
31.480853212556504,12.69814250152033,24.503425802206085,64.38074858965423,76.8619714395403,5,1
14.978370018401886,10.15621844109604,11.409279388804087,56.47580340156205,48.336806279931565,6,1
8.96294127435755,17.44406501871718,6.2927260943688,45.82578847546223,67.09920795392276,7,1
4.064097077796804,20.139685166491784,2.2957814630430406,34.373833395866605,40.98066959960265,8,0
46.8938388699631,76.94732295069132,26.96230563850897,51.02398901561559,129.4555246269329,9,1
47.11814238198785,19.209422109057712,39.04467292404064,74.76146523497155,81.23397078608943,10,1
39.454918198416635,14.725583252413415,30.964441070519,83.29746673499909,99.1050096418556,11,1
11.520728354013773,10.071496090771,9.211174102001062,67.51940081650042,72.56568396783226,12,1
34.974663472219405,9.820556247383418,26.358894888288507,73.6224754598388,58.642002941924446,13,1
84.9153696519587,1.543432343102582,50.17409925078735,101.7098320726745,105.13698772989827,14,1
40.63799259775934,27.150552012646042,23.775572536049175,94.97245498692132,85.71006224591133,15,1
27.708617744883725,17.154981383275175,22.593023290911777,89.0737417817567,100.21557324282279,16,1
24.090466902949025,22.80458146465522,16.35314416421394,78.70476341144362,88.1436339212458,17,1
0.0,25.16906012580506,0.0,55.09333438801053,59.382700499494256,18,0
16.672086443070405,20.060213619173332,14.409818767413826,52.97515283902119,71.81592886150554,19,0
5.968419469331071,28.03178539410039,5.067794137865505,42.15040112518034,55.69468037655487,20,0
6.339442654029018,64.85309556636216,3.933662864710157,33.43894365233639,94.92068285845725,21,1
111.86745874931319,4.632585342950328,85.81597451602788,109.22323507266336,102.56331588755498,22,1
94.32684353676204,7.2080242569552695,79.44946639175384,155.9057309426182,141.39964847113518,23,1
68.96724703530536,28.962105215459843,52.944783457709384,162.07879511754211,193.41428490605648,0,1
29.79924759874307,47.25041238836352,20.0798768565885,133.53503343886797,179.04145530447735,1,1
17.938272280584624,26.434494566435266,13.214746062332368,106.68926946953994,127.92979822571934,2,1
5.517530212564164,15.361938870421499,4.198231929245856,78.8807205579238,100.17965837551652,3,1
20.654036695586807,75.5162757188429,13.316509173981615,68.53301356452826,132.8267806114653,4,1
13.5604666322411,6.690948241513729,9.394913989680186,57.368023484849964,46.73663142727445,5,0
6.585010653673704,37.27363896797839,3.8695335035661897,44.02714994296116,64.49829740022183,6,1
36.26719374609606,8.069638877909355,22.391203278489105,53.21020823856192,64.7851685400839,7,1
77.00687513563302,5.976368019134171,65.4318954874922,102.67904125448554,92.92223761370215,8,1
9.373898496343058,0.0,8.09009061302325,79.96541949116312,76.52821166728623,9,1
33.81871527365518,8.491532142734451,16.930529575565085,72.90632321937926,75.43416807028566,10,1
99.53686474563054,25.762071790386383,64.46218465720831,115.4966109107738,102.04902703260794,11,1
72.2219971670548,15.922222595505218,55.42525930256445,136.2728869401061,143.92811189721246,12,1
18.521178015736073,15.226195475338171,13.798821909840541,109.18984276791481,128.43960715965633,13,1
20.87526506428216,52.94395992438723,12.901253722954637,89.334143660495,128.25266508667752,14,1
0.0,23.791792328748993,0.0,62.533900562346496,82.96427144769268,15,1
2.0954475236527976,26.029850083320017,1.4219032298879888,45.19563362353053,71.18888293858684,16,0
0.0,6.681758073162969,0.0,31.63694353647137,36.82521424334335,17,0
3.635503546772025,10.070228544544982,3.112132144738812,25.25799262026877,29.593109292123295,18,1
20.7436778072706,13.063869460178475,10.966866230517889,28.64746106470603,36.11976000774695,19,1
34.47277449646187,34.38699388257878,30.860523670501156,50.91374641579537,76.49270343902549,20,1
79.52865459766082,1.2400234257491576,51.98650448729053,87.62612697834729,55.52423438752674,21,1
73.77636238754437,10.658263929209191,45.423952040075065,106.76224092491816,122.76305730299646,22,1
18.59848893624501,17.747789100732938,15.449447541588256,90.18301618903097,116.22823632816596,23,1
18.390467839936566,20.372603109723332,13.17792959645739,76.30604092877907,72.0373266538638,0,1
43.59221961375772,18.005428892733327,27.067860767787376,80.48208941793273,76.73058974102537,1,1
17.477842721228157,9.33491306763447,12.637940220389691,68.97540281294259,62.69694158280764,2,1
17.422055203050625,1.7020256257103803,11.510952579291358,59.79373454835117,67.29121972830859,3,0
36.51439452497857,38.50016945064713,24.028483442194492,65.8840976260403,79.3305058849023,4,1
0.0,17.89109996747362,0.0,46.11886833822821,57.86201482311113,5,0
24.620758092561534,10.300217190938508,15.026221681357011,47.30942951811676,59.433202413650605,6,0
18.130733057148056,0.9289006937670887,15.328066373723136,48.444667036404866,44.25615219735381,7,1
6.414015487060716,7.1548039362141616,4.518739236614255,38.430006162097655,39.67284324857431,8,0
37.90934389982417,10.957226092998106,33.45191993056383,60.35292424403219,53.21859226368979,9,1
17.076375794709783,28.605241162404774,8.964807633303904,51.21185460412644,81.95428841983622,10,1
54.99866606427951,66.38113082550117,42.628851014812824,78.47714923770133,141.82541125532646,11,1
13.850592442208399,6.035063048380302,8.469691973926594,63.40369644031752,50.75701769632292,12,0
34.2968756806413,80.67180578362871,28.591859257524977,72.97444676574723,151.4743918793513,13,1
32.00614287841523,24.051495957762892,26.832944424103697,77.91505716012675,94.7050300710892,14,1
7.696380058269478,14.711665703032752,4.051404768370912,58.59194478045963,60.08586930362362,15,1
60.02497072281671,17.55952448847526,46.989623399981625,88.00398474630336,72.57195990962887,16,1
0.0,5.847302657205429,0.0,61.60278932241235,71.43049626083203,17,1
15.824132437835324,22.600335778123828,11.966057304778126,55.08800983046677,82.6182023246995,18,1
40.40987893757976,0.0,28.336764087370888,66.89837096869762,55.16940545004685,19,1
10.266291780912518,17.269109926068623,8.065004307681562,54.89386398576989,72.78148488077521,20,0
35.90314861248319,48.115920466932934,21.849354834641748,60.275059624680665,99.25012935457019,21,1
94.97438967109724,3.6300943803147057,47.49231178990621,89.68485352718267,80.36127748960726,22,1
107.89998538586224,42.47852402503145,85.92740742538494,148.7068048944128,155.2183686865405,23,1
0.0,5.168905683342027,0.0,104.09476342608896,114.04537369919142,0,1
16.606086932393726,81.55341052507346,11.583171019902602,84.44950541816488,148.5914887243083,1,1
27.833655218720146,5.203152166787499,22.389812994262854,81.50446678697827,92.8519435286016,2,1
10.735221568484747,11.207125727675404,5.574525792059887,62.62765254294467,60.05827499162812,3,0
0.0,15.202688594909803,0.0,43.839356780061266,49.61249029855554,4,1
13.201273864654798,32.429610413648945,7.720073561829637,38.40762330787252,68.09787686002676,5,1
15.904703589109708,19.381504943796124,9.831024782637305,36.71636109814807,43.91906565507986,6,0
6.9550537808795845,28.50521741297723,5.461683782489438,31.163136551193084,50.3071857509965,7,0
51.28324594463,0.0,31.130831393763977,52.945026979599135,53.884277734180515,8,1
44.97473596002041,1.3942128589574025,31.353949799837842,68.41546868555724,56.273330341895424,9,1
18.839414130008407,15.180230719131472,13.331012693885445,61.22184077377551,72.65352759133421,10,1
30.730719731618663,23.618228708495213,16.908659250655585,59.76394779229844,59.98302706370542,11,0
16.434573129655387,59.039161601565354,13.29978923143378,55.13455268604268,106.3986542154208,12,1
34.83003754037004,0.0,17.743744171932015,56.33793105216189,59.11428132747714,13,0
16.651966180477924,32.87836126322499,8.763562518054709,48.200114254568035,67.29891511463039,14,1
45.07224336773139,82.02088245722126,39.53240165942117,73.2724816376188,154.75076463098856,15,1
82.683592426372,15.619516520534496,47.818669378048966,99.10940652438212,82.06260878598178,16,1
25.899038352053328,31.955937067521962,19.53776531642756,88.91434988349505,102.5612977012938,17,1
7.837137331844927,0.0,5.3919137066863465,67.63195862513288,70.68016946252772,18,0
3.6637982577829327,13.130142308050766,2.1863984207075378,49.52876945830055,55.24454341589283,19,0
17.149414474977583,10.710654926274874,12.324098417992998,46.994237038803384,49.077126050566434,20,1
16.988762546707036,63.960278604294956,15.162080029582352,48.05804595674472,111.85355452274175,21,1
20.7194216897232,18.982126359102185,15.279006572325445,48.91963874204674,50.121471410863265,22,0
26.388308092895535,15.229773328989024,18.22798882205236,52.47173594148508,65.55885677020828,23,1
40.88708244413859,29.10339729388859,33.06337047218863,69.79358563122818,88.38940731454439,0,1
1.2438839904542363,22.254183916264402,0.9845896269467067,49.84009956880643,54.53559839758956,1,1
19.70376359698059,9.16104131191431,12.128730015688047,47.01679971385255,46.72362361026078,2,0
10.25940442517861,30.855648387276144,8.89870549345075,41.81046529314753,75.82131106151985,3,1
37.87938284175675,7.892801630098617,24.372783750041904,53.640109455245174,57.687748635948545,4,1
20.214096017546513,34.99347969889732,11.523827899057997,49.07190451772962,85.70365844709364,5,1
21.588416796728513,22.012955765669812,15.25608843774876,49.60642160015949,70.59689609780325,6,1
31.689108310912452,11.513098762831653,21.16132731997953,55.885822440091175,66.85027619659388,7,1
0.0,14.854932625847345,0.0,39.12007570806382,55.05140116071211,8,1
20.167123445731363,23.515695486069685,16.826043589791418,44.21009658543609,57.38485226675968,9,0
30.203241581756743,29.3100901497357,21.61458199555628,52.56164960536154,68.27068826197083,10,1
109.2766785245974,0.0,67.93506953961389,104.72822426336697,78.75261435132802,11,1
38.26060354627445,24.846665028076472,23.766429486186162,97.07618647054304,98.88158245459232,12,1
13.033936065359185,20.54473071902276,10.722724736695914,78.67605526607603,106.49275094116834,13,1
41.8959781255691,51.779878364154605,32.835065028264154,87.90830371451737,111.87932659788218,14,1
79.14024888133766,16.263711850549043,48.95805454475082,110.49386714491298,122.02977647249851,15,1
20.49991888498703,3.525877402204234,17.899913045879895,95.24562004731898,100.08142569529565,16,1
15.189985616642126,36.54253627094786,12.024277544863606,78.69621157798689,117.66616805737783,17,1
11.960612818860625,21.480290779403067,10.661812113749013,65.74916021833982,89.08808848899417,18,1
26.866592992278285,35.093909200170444,17.52258227111046,63.546994423948334,78.40230867798863,19,1
82.87248021659687,90.48103584300634,73.59928536061248,118.08218145737632,187.1703469010684,20,1
33.35574745279679,21.902460193278795,17.367253258731118,100.02478027889453,107.16336276369728,21,1
16.43084678979388,18.2282888176504,10.821708511979232,80.8390547072054,72.05558084250688,22,0
12.817438159873937,4.646690831482552,9.857650691230804,66.44498898627458,70.98142755422259,23,1
36.67367985697952,38.216471981200684,18.515173346592217,65.02666563698442,99.14710531804305,0,1
0.0,19.90383373776805,0.0,45.51866594588909,54.81778770355771,1,0
9.721907032108914,13.181334539880243,6.543881264070419,38.40694742619278,49.388406588850415,2,1
17.661527330949987,8.42055244211279,13.574502600014556,40.4593657983495,45.48703939201924,3,1
93.91919960323104,9.0626286507974,63.18954855886441,91.51110461770907,108.82660462956886,4,1
0.07527572802423776,15.92968462484676,0.04979040772575124,64.1075636401221,78.04622712110753,5,1
0.0,3.8458696776910806,0.0,44.87529454808546,41.609320759729016,6,1
34.22669524792303,0.0,18.167248727793567,49.579954911453385,31.621689030336704,7,0
11.79979873119102,11.74013867608736,8.960789907038613,43.66675834505598,43.77848354883754,8,1
37.84867095861752,27.16410888652636,23.02858864204076,53.59531948357994,75.3374118550013,9,0
28.27214412859285,19.08707059680596,22.065159931350003,59.58188356985596,75.09737432530791,10,1
20.656696440708338,11.9299063571629,18.240532358742875,59.947850857642045,59.85927172622838,11,0
28.469088888404002,2.764027935694614,14.329288914126927,56.29278451447636,48.743490001806755,12,1
24.74810489912948,17.27593052476105,16.674316012486976,56.079265172620424,71.20870063621521,13,1
46.243758563081315,31.577448944285837,36.33007197802417,75.58555759885846,80.3827217306888,14,1
75.3227961526732,21.81530091690158,45.820554013769744,98.73044433297066,93.27441057603464,15,1
45.57521220810545,11.390360253396853,24.266962516973738,93.3782735500532,111.84160429103999,16,1
27.495276654544007,20.664027251031293,15.950362123352285,81.31515360838952,94.53004632389803,17,1
77.15956784317126,35.54324634980436,56.61811404290386,113.53872156877652,134.22723959951472,18,1
32.15517523304465,11.76430049643767,21.92141029455123,101.3985153926948,104.55647592366873,19,1
10.9120876886166,35.63253487448756,9.542754341356849,80.52171511624321,86.52251434785893,20,1
64.85607725294622,0.0,33.885382631358304,90.25058321272854,76.31118792269261,21,0
23.78090514057917,10.48641142831037,14.365917310607095,77.54132555951708,63.19482749099233,22,1
31.85557844077567,19.080615534826684,17.334937575289196,71.61386546695115,72.40385025188203,23,1
21.49408634782161,0.0,13.788793064632456,63.91849889149826,64.83111436805123,0,0
28.233257529760465,11.940530477355626,18.119257106578825,62.8622063306276,65.55049351584388,1,0
35.973151089353564,0.0,30.34431373159791,74.34785816303723,69.77326355733446,2,0
26.30141735677762,22.282207118588055,14.837843668766611,66.88134438289268,84.93816932737207,3,1
51.0561160649018,82.6753730961467,40.48547921916308,87.30242028718796,157.534289135468,4,1
58.25075436868922,0.0,43.28619808831128,104.39789228934285,75.44586760723826,5,1
0.0,8.222711949948692,0.0,73.07852460253999,72.41775421646076,6,1
40.125511444129884,0.0,22.818478065473904,73.97344528725189,62.88159882394981,7,1
24.917317592646278,26.091241674453958,18.495007450087698,70.27641915116402,72.37542856602116,8,1
26.502345761727838,5.327189295002343,22.746165939468543,71.93965934528336,55.84021041236347,9,1
15.504850279898193,63.36774543457721,11.229718347235904,61.587479888934254,119.67183424715031,10,1
24.209546067352044,36.1034458103416,20.27139051722171,63.382626439475686,89.50630848466085,11,1
16.416307370239572,32.16186763871854,14.003503369014032,58.37134187664701,80.79423586274362,12,1
38.56157202026209,9.51238013895852,20.313829115558885,61.17376842921179,73.05205792209175,13,1
93.37519388205287,60.54997281884938,76.71013254208734,119.53177044253559,158.17588679385068,14,1
0.0,22.436537351593635,0.0,83.67223930977491,75.51459458064559,15,1
46.425333961882885,11.605841445866481,23.367981670655055,81.93854918749749,69.68664642188719,16,1
16.97762699078723,14.921744217246504,12.213155888955393,69.57014032020363,58.97575985957001,17,0
40.94895337371896,19.975775821257393,28.959231950224797,77.65833017436734,72.0194578085933,18,1
41.050549551877864,23.374839270468332,35.14599477916921,89.50682590122634,110.64300092912138,19,1
28.121113533088824,32.300601131400626,20.571232949483992,83.22601108034243,108.55191146243949,20,1
47.13959524599665,12.383449255291513,29.487265109815112,87.74547286605481,75.62602637526459,21,1
32.759715016733765,13.119095090612687,17.388485489678757,78.81031649591712,87.83742805261171,22,1
27.66188132791392,27.366967027488688,21.49172080373302,76.65894235087501,83.48368866886041,23,0
0.0,28.26072875763491,0.0,53.6612596456125,66.32576219381795,0,1
32.72261319000002,0.20972022277789115,26.320124113857876,63.88300586578663,44.53565951423872,1,1
5.758635099113537,72.59987772697409,2.9568895981021335,47.67499370415277,122.16246203623834,2,1
11.929441352938666,15.802988690848423,10.24939038866527,43.621885981572206,61.34681546771221,3,1
25.025870436261762,18.79387148619334,13.186190333738768,43.72151052083931,47.10175558537942,4,0
37.420981811471094,5.264914570353691,33.64338305441354,64.24844041900106,51.571865093966345,5,1
59.16682615701199,12.071034315909584,42.983058890974256,87.95696718427499,78.6007162929439,6,1
29.33104985459073,94.431984947651,21.93406647109135,83.50394350008384,168.0572178147604,7,1
23.739628934625934,27.54106168901704,19.055611815251083,77.50837226530976,91.18682150997644,8,1
0.0,8.36169379878136,0.0,54.25586058571683,50.19039270141757,9,1
29.382620252465536,73.81335149797434,22.622105993492962,60.60120840349474,130.70369380653182,10,1
49.43880785796192,15.044348062174167,30.16337236514421,72.58421824759053,64.263944847357,11,1
1.9099969839129578,19.48191923282067,1.4651667783316609,52.27411955164503,72.73270438206606,12,1
43.31240631072161,25.247711718626682,38.30410868973664,74.89599237588816,90.25500193399921,13,1
3.4522586403765025,11.249487154798025,2.998366047980661,55.425560711102364,60.66666224576789,14,1
69.94632222935546,67.46382568280522,59.62148980581184,98.41938230358349,169.96342049918252,15,1
26.431859599080866,10.906705169415392,21.012546905056553,89.90611451756499,77.73030356863588,16,1
23.797478570569716,24.844128151349473,19.965017732777532,82.89929789507302,77.16991912820039,17,1
25.146005133889027,64.1253050005115,13.287500040778799,71.3170085673299,114.43207685549817,18,1
46.69964356376431,12.229076955821336,41.526757630951536,91.44866362808247,101.81641766292633,19,1
0.0,9.446211763925866,0.0,64.01406453965772,55.29647728324513,20,1
8.45005900703814,38.42027758661372,6.959548502940456,51.76939368070086,73.28494324620128,21,1
19.528412444378354,4.818856389710225,16.043019592657046,52.28159516914764,39.77298435902999,22,0
2.514926145670028,15.21649978360919,1.7482099858195974,38.34532660422295,39.8010753185892,23,0
90.47514513013562,8.405516704853582,71.475584554425,98.31731317738107,95.62711029829374,0,1
27.231000910030794,19.424797767810237,22.76629399441623,91.58841321858297,119.68897522017095,1,1
2.2345974153196586,9.007388416903547,1.5575761366085192,65.66946538961659,64.27418214082452,2,0
34.2717391558713,10.601915755583377,23.359479104348953,69.32810487708056,78.62828003894292,3,1
23.929255240119698,0.0,18.135937067279492,66.66561048123589,47.66013577884245,4,1
42.15401639177412,0.9866453847847794,24.20096403498244,70.86689137184756,53.38006405053939,5,1
26.62979009592546,9.835374283235806,23.646470959327836,73.25329491962113,74.71070707512027,6,1
38.269387284583374,61.11304006296677,32.071596509563136,83.34890295329792,144.29217743494192,7,1
3.4656177524536496,23.176314125315375,2.078911738168046,60.423143805476585,67.38331654613528,8,1
24.442772070965205,19.50260348588595,13.707981426392058,56.00418209022567,65.93913176378602,9,1
19.534116006936472,45.742235535969755,11.388709493080402,50.59163695623836,82.12133223201175,10,0
0.0,0.0,0.0,35.41414586936685,28.862267068897182,11,0
37.57493467670825,48.79390346242128,23.90384413203009,48.69374624058688,90.44119612630463,12,1
20.31920655656095,57.03725042090346,14.639256523034486,48.7248788914453,96.94727768744416,13,1
68.98393147390516,11.382031637749515,51.27767401806313,85.38508924207484,74.61181418272575,14,1
38.31853490100441,9.154103728251528,21.08264786790063,80.85221033735301,88.90556861339128,15,1
30.282616081853064,37.183305999556936,15.942770045509201,72.53931728165631,81.40165929059398,16,1
43.00782411548262,16.6541340585694,22.021792874245058,72.79931497140447,95.33171433104141,17,1
18.256564353170628,17.576558198046317,11.447228791818397,62.40674927180152,81.48447795348714,18,0
24.97012470169011,21.400810214850743,22.107153284524138,65.7918777747852,61.21425502951003,19,1
33.14070188794692,32.67204810901178,21.07711341927815,67.1314278616278,75.60056224316179,20,1
7.697346814309617,0.0,4.420534155199229,51.41253365833868,40.423334185765384,21,0
24.860855423323407,1.2277033222119922,16.87270982273064,52.861483383567716,46.20008501615817,22,1
51.13456313248757,10.53273018857281,37.38736540054752,74.39040376904492,88.8048168571376,23,1
5.766252187627442,35.9683583749867,4.948742586692953,57.02202522502439,96.10308093041722,0,1
3.43383083732623,26.087645503012848,2.1868112979454026,42.10222895546248,60.400069950848206,1,0
25.287574525353193,8.155783603035832,17.628672051247555,47.100232320071285,43.479593579609,2,0
63.732311328047416,12.13994193223715,40.63464300937145,73.60480563342135,83.27899052298906,3,1
48.64127978440241,24.7186718599334,30.67892498007706,82.202288923472,74.48439312429471,4,1
18.15936599606414,16.120468491319816,9.941955762996745,67.48355800942714,89.69671971350283,5,1
22.23365113769558,63.195414473900335,15.850742318181458,63.089232924780454,104.30640932771733,6,1
0.0,21.98693373076513,0.0,44.162463047346314,54.218263473983455,7,0
42.110610314384104,4.675379870645976,28.768772931699697,59.68249706484211,47.24456625006282,8,0
27.290544341264557,0.0,22.60417015707683,64.3819181024663,53.99551798052784,9,1
37.303451429897905,8.776704251636463,19.915392694078594,64.982735365805,62.929843256856046,10,1
13.232617123865019,21.620889598931043,10.975786920019072,56.463701676082565,66.35739313227174,11,1
103.51140976369706,12.758359304867973,73.76521804813923,113.28980922139702,82.58221422051895,12,1
2.790170485274899,11.250938502059412,2.0225262937510595,81.32539274872897,89.10996961391918,13,1
5.559011520730817,12.52066464364744,4.25103777595459,61.17881270006487,51.57731191749737,14,1
0.0,28.72604071704469,0.0,42.825168890045404,62.41784183789064,15,1
15.671769561864428,5.594957746506861,11.961696421439715,41.939314644471494,32.22869019696637,16,1
14.344337462986127,57.57193515565825,8.137276731822219,37.494796982952266,96.55396730434963,17,1
20.21366246020568,0.0,11.889239678310027,38.13559756637661,39.77889425611755,18,0
23.378961758713242,23.312673061402315,18.725593406443455,45.42051170290708,62.63080317224308,19,0
44.39570608502949,8.968564634018884,36.989254179363,68.78361237139795,68.82050566099525,20,0
0.0,1.5937624595159718,0.0,48.14852865997856,42.13531885924725,21,0
30.09414806742559,40.87994421377424,15.123862784435385,48.82783284642038,94.06211592508016,22,0
42.614503383705255,6.694173455077317,35.03645220974093,69.21593520223519,80.98904401888326,23,1
9.396611480189767,79.40782016829337,7.177154331470357,55.62830897303498,131.92221097033618,0,1
0.6028768436202832,21.86868373410811,0.40204492235548855,39.34186120347997,48.625587133627036,1,1
42.4415335013834,55.012293073739635,22.922596931135512,50.46189977357149,85.70807698522107,2,1
3.0099642218465554,82.53015745923162,2.678495639513851,38.00182548101389,107.90510758634537,3,1
74.04944706245588,13.725342073895863,37.873402098876895,64.47467993558661,71.21265569325647,4,1
73.38402679060593,27.055114909517886,65.27657164430464,110.40884759921526,123.34259706508107,5,1
4.707406964237192,26.21313339877569,3.3890855228497174,80.67527884230039,76.65830033062606,6,1
26.483944259512334,20.640530248418425,21.90015946241964,78.3728546520299,104.12323311584076,7,1
0.0,46.124761972341226,0.0,54.86099825642093,80.44837680595558,8,1
0.0,6.894225875520867,0.0,38.40269877949465,40.91893785163631,9,0
10.902449176763906,20.470850342048433,7.02586412956079,33.90775327520704,47.74040784631269,10,0
43.51694196794708,4.6859995223978785,26.281241384128645,50.01666867677358,56.85553839027062,11,0
4.966744716099129,5.970777151763581,3.819195918393362,38.830863992134866,45.30769825424463,12,0
14.367591704716737,29.18823412910141,9.255456056291834,36.43706085078624,63.280038592688854,13,1
33.39430805163154,36.955442420593045,22.94431021768798,48.45025281323835,81.03039441143154,14,1
0.0,5.586112281094685,0.0,33.915176969266845,41.78094940028117,15,0
23.33434783701281,93.08160675094213,12.04181955837792,35.78244343686471,130.47271033976767,16,1
5.715254288918045,6.876058338497625,4.836390793559447,29.884101199364743,26.343198273935986,17,1
13.203411980289314,25.73668217576565,9.787161798922359,30.706032638477676,54.63923374854512,18,0
0.0,8.706622364848178,0.0,21.494222846934374,24.110809916773224,19,0
53.11567358796742,23.519149550406322,44.605404011406975,59.651360004261036,60.65202634424378,20,0
15.70747044968044,0.0,10.77744168043997,52.533393683422695,31.87942805063498,21,1
3.9372137197334176,37.93702904567668,2.434665918429268,39.20804149682515,74.47548272208869,22,0
44.33289652324143,72.00877864901996,32.822516168203805,60.268145215981406,118.4441361265647,23,1
3.9854772409853325,11.645180348801482,2.830438600804858,45.018140251991845,54.36363160515153,0,0
29.579902529646535,27.6974199010458,18.29013045277054,49.80282862916483,57.60680979688081,1,1
29.789696107656177,1.3477505213911911,15.088402948608728,49.95038298902411,49.51935178170851,2,1
29.981252355376682,38.29460923756499,16.122944896838487,51.08821298915535,90.18792988427056,3,0
8.597158265568703,18.44560024947583,6.9802765562364515,42.742025648645196,46.617267331719546,4,1
6.255888491544127,82.87728988372594,5.257825881900351,35.177243835951984,120.8270571482746,5,1
7.074453946156128,15.360377749968986,5.255287206557036,29.879357891723423,39.095439320076,6,1
62.832577225164975,7.5711271617934965,42.577957026704716,63.49350755091111,62.55243370369152,7,0
11.570806284573477,27.175744637272942,8.897983646832964,53.34343893247074,77.37703335476459,8,1
25.078293144288715,3.744893081563214,19.49508393219741,56.83549118492692,57.75598705621203,9,0
19.9982127716136,28.000085254935787,11.492092476908883,51.276936306357726,59.42489018060122,10,1
51.290705743056705,2.8228860817697736,28.2211678034425,64.11502321789291,72.1786696136509,11,1
58.320294888531734,39.57474072973352,31.620877282418125,76.50139353494316,107.87471377727672,12,1
29.860474450843565,49.92519774192169,23.16349160513892,76.71446707959913,105.63186550117004,13,1
32.54493079003184,17.865952634236965,25.778471501331058,79.47859845705045,80.05090101734467,14,1
0.0,13.212368282792436,0.0,55.63501891993531,71.94456617600521,15,1
14.387295860147244,13.133211665737972,9.10055289202387,48.04506613597859,58.19138575840816,16,1
15.73423025590236,34.0869848714142,9.446070937580702,43.07761723276571,62.527847415612044,17,1
72.25154365474204,19.05902985035014,40.8054467003288,70.9597787632648,84.98429100676029,18,0
0.0,6.768023499366944,0.0,49.671845134285356,46.873708439330656,19,1
9.364685635542644,100.98804339920792,8.205352360851649,42.97564395485139,140.7139848950275,20,1
18.838348089110095,0.656474836809064,12.444324740136175,42.52727550853214,33.361744553057534,21,1
3.2337551911073703,10.695554723412972,1.6926319395467448,31.461724795519245,38.26178530790936,22,0
23.188610459483222,27.323835159836786,16.605631947183152,38.62883930404662,52.03239142976345,23,0
16.935570000472445,24.647031970568644,9.493711495433953,36.53389900826659,54.47278622682941,0,0
27.58383862753812,81.94291240926444,20.74407416643827,46.31780347222488,128.92428571873683,1,1
22.932225973299364,13.813857585128327,20.372441470851605,52.79490390140902,50.16720154314101,2,0
18.479326156036997,9.086727261084757,16.15785894680606,53.11429167779237,58.8083618105303,3,1
9.875989718141716,10.16308813121963,6.44290546089444,43.622909635349096,37.52698484979514,4,0
16.484976334369048,24.68933661610022,8.561391426026557,39.097428170770925,64.18727071817622,5,0
0.0,27.767291850730274,0.0,27.368199719539646,52.82915685748979,6,0
0.0,35.96086725010016,0.0,19.15773980367775,49.56753354522425,7,0
64.84975852663777,18.512585785702242,46.00186027004025,59.412278132614674,60.89649180944805,8,1
18.327367592855843,5.3404022297692695,10.646690023641078,52.23528471647135,46.78144967293254,9,1
24.29292138572033,0.0,20.30058972524283,56.86528902677277,38.251195599962095,10,0
45.43584316716298,37.76746433727734,40.16148729412793,79.96718961286886,87.6947731925822,11,1
129.39393213974978,22.156764829411845,80.04890822508995,136.02594095409813,109.02208261635981,12,1
0.0,16.43520315200525,0.0,95.21815866786869,118.7461942165371,13,1
74.83473099041132,0.0,56.629521848898136,123.28223291640622,99.29082062675647,14,1
14.580341570490642,14.229790064534168,7.8641941036039285,94.16175714508827,115.77008292740338,15,1
6.261129091063593,28.611537526658548,3.373410378858245,69.28664038042002,76.38577209497694,16,1
27.672493630427923,38.22184848072275,14.641349766859845,63.14199803315386,84.96589529939999,17,1
27.540723376598855,10.820478557022515,18.169524938911533,62.368923562119235,61.017260629483644,18,0
27.50360704154855,8.596796322729997,18.372530566883903,62.03077706036736,63.75331532223491,19,0
92.77788001221114,18.38403150020227,61.820446090290204,105.24199003254736,110.39649377430894,20,1
22.358876551779474,15.074536267461433,14.721092964610273,88.39048598739343,73.98722824314963,21,1
11.27326949911919,0.9134404270923291,7.523281935713466,69.39662212688887,54.96685973467174,22,1
2.295745942656925,18.162560886938024,1.6715665416255938,50.249202030447805,53.59094149755823,23,0
19.26455988742945,13.07567902746203,11.644751672295612,46.81919309360907,57.435767026391524,0,0
29.85420668486418,24.936792916468555,16.51752202499521,49.29095719052156,60.95204452931062,1,1
25.200649664073797,94.98824749504564,15.479509021121634,49.983179054486726,143.33718404240113,2,1
29.6081440261216,16.476938419874173,15.886806213411496,50.875031551552205,62.91775086457141,3,1
28.691284743484538,0.0,14.604604303916592,50.21712639000313,51.76544304438299,4,0
23.365094851671238,25.848210657135773,18.690766793842847,53.84275526684504,82.73419794235866,5,1
11.417088945598348,5.519846375027088,7.107893448617681,44.797822135409206,44.832931976435376,6,0
92.31704201449031,0.3252597653332323,65.28947386858616,96.6479493633726,68.65510281878969,7,1
104.56891290608833,10.245243862778882,85.69028314826703,153.34384770262784,173.7675148000772,8,1
54.554581281571835,0.0,47.60957366720791,154.9502670590474,170.20894947157842,9,1
78.98569458786844,10.632967278124362,47.58703318013837,156.05222012147155,121.48084321407183,10,1
20.002799969524602,28.80729060711683,16.066572348882932,125.30312643391301,151.60470191289505,11,1
0.0,10.017434785136741,0.0,87.7121885037391,75.95005288343415,12,1
31.40177564384542,27.652945346632936,17.34279024917451,78.74132220179187,101.34336052347538,13,1
0.0,19.21775880422642,0.0,55.118925541254306,70.0709914488871,14,0
12.479460924982725,0.0,10.150230542918928,48.73347842179694,51.39561033523111,15,1
26.32319125304842,18.201820755544823,23.230657262849704,57.34409215810756,63.40836030729687,16,1
69.59622002039953,6.255863196650511,57.31461191740701,97.45547642808229,107.38973081935534,17,1
11.52527133451886,20.078548493484213,8.909221353092988,77.1280548527506,79.14386266917724,18,1
74.88990614568303,41.55037247276691,63.24955972255789,117.2391981194833,119.94236421313303,19,1
37.89102748124621,0.0,33.27968492359236,115.34712360723069,87.2554590571381,20,1
26.028784327608843,6.33644007449845,15.641370503620195,96.38435702868166,106.24090548338606,21,1
21.097954865025418,13.19708413442088,13.784535663483481,81.25358558356064,68.78585483115337,22,0
0.0,17.539204567062082,0.0,56.87750990849244,64.77308541123382,23,0
101.55454314674449,25.073622054220856,79.09165986969515,118.90591680563986,117.99757584907357,0,1
11.423809370659079,18.99129012389037,5.927571134575428,89.16171289852333,115.34909417120099,1,1
0.0,24.519424861981502,0.0,62.41319902896633,86.16822749543157,2,1
26.36100292277677,15.473364578888873,16.808741518921238,60.497980839197666,67.51807863002335,3,1
20.22840530926174,27.57421357758188,18.06590415342011,60.41449074085847,71.37390047252723,4,1
34.933722710030445,35.43807131901645,28.436943486009326,70.72708700461025,84.79541598389753,5,1
5.068945954628788,36.927138059484165,4.059443738971458,53.56840464219864,82.8051217080893,6,1
31.89763532328016,51.70499866928183,21.290971659038075,58.78885490857712,93.434354589429,7,1
9.279789845143522,80.21652641108263,8.087551995243722,49.23975043124771,120.36011485656641,8,1
0.0,17.141719966624677,0.0,34.46782530187339,39.728547909608004,9,1
18.40268175229179,9.554490178030996,12.471007226718422,36.59848493802979,43.876307319218895,10,0
24.16037692947014,14.73265224979544,19.37246053919911,44.99139999581996,47.320033149563386,11,0
24.326167230740925,54.38693446779719,14.447353743785476,45.94133374085945,100.76170793587042,12,1
4.043155758469524,43.00680154782901,2.9200472562740867,35.078980874875704,69.16451482363368,13,1
33.80017190008094,11.38364255471777,21.363817099841274,45.91910371225427,41.38720108388348,14,0
17.74519309592192,11.079645441763631,10.038717250756305,42.1820898493343,52.90659227424252,15,1
83.00892592680657,18.835592111009717,68.77290026229326,98.30036315682727,104.58451621323141,16,1
16.956238054843325,68.11544021406178,13.696859645903508,82.5071138556826,156.18334862425075,17,1
10.41154158079802,4.309324656695296,6.843800596120108,64.59878029509792,60.657397721700605,18,1
6.608187267621739,21.163373570773153,5.40930498504165,50.628451191610196,70.25953527710143,19,1
77.54560918220209,0.6525147497374508,40.00768552079757,75.4476013549247,56.25694801509422,20,0
65.15146294174329,19.945309932243436,57.27542501854322,110.0887459669905,93.77077143069879,21,1
39.72169738394756,8.213864541388244,22.911730616331447,99.97385279322478,75.4973181612787,22,0
91.11992807002659,20.770897112986745,68.7279464407617,138.70964339601903,128.6840710616749,23,1
38.564806362679974,19.557211632490752,22.316500078617434,119.41325045583075,105.38448860562427,0,1
37.74985715664735,35.086819064904724,31.317246040676483,114.906521359758,115.75623347868824,1,1
87.47742260151755,20.92385817171781,67.66798966924677,148.10255462107736,111.66248746814824,2,1
14.517410945221012,13.184409357209733,9.504881348392393,113.17666958314653,85.65034509054381,3,1
11.957417500640155,61.185955610639645,6.568197275433512,85.79186598363609,125.85925680605098,4,1
29.940887397788998,5.3143202042479665,21.605263571756016,81.65956976030127,76.13599998428211,5,1
3.5394752154340026,0.0,3.1176581810866844,60.27935701329756,58.40851992673097,6,0
16.395076438504777,0.0,14.225732592057708,56.421282501366,45.80759632694979,7,1
19.03883353776925,21.43549091420628,16.446113557768747,55.941011308724946,70.91407026165679,8,0
11.883119411977358,27.802441060512482,7.668202394390072,46.82691031049753,74.48735189006237,9,0
40.90181791286647,23.526589227573425,26.91426883278875,59.69310605013702,60.8724904102005,10,1
11.684930490300035,38.27986069771602,8.809241712320329,50.59441594741624,73.35241083997484,11,1
0.0,17.622408508931347,0.0,35.41609116319136,42.69755780038446,12,0
6.737622800843479,0.0,5.274962809786295,30.066226624020246,21.830679416018096,13,0
57.63070926120389,10.963356655066365,34.40216076772402,55.44851940453819,62.622266671374604,14,0
2.309463175510743,17.06705263693245,1.830250111022688,40.644213694199415,57.09645396834799,15,0
0.0,91.26681610967415,0.0,28.45094958593959,113.00110588763829,16,1
0.0,33.06654230286994,0.0,19.91566471015771,53.675766897971336,17,1
28.064448544248194,20.138234973726913,15.89008823617723,29.831053533287626,48.57623989313378,18,0
2.48698677030956,64.12933810061831,1.8003244121500819,22.68206188545142,87.4684416383776,19,1
28.829790190736524,13.992872941527896,20.49899532600524,36.37643864582123,40.527743862597376,20,1
10.87660238832861,19.357387532934283,7.893875116827301,33.35738216890216,49.38875844733605,21,1
41.87037913346487,0.0,36.387097206525695,59.73726472475721,58.60859058681236,22,1
28.52154807692969,2.404134013080707,19.848554510955786,61.66463981828583,55.70262744033063,23,1
0.0,16.082191649962795,0.0,43.16524787280008,51.396674304258234,0,0
0.0,9.344835111569765,0.0,30.215673510960055,41.41341137051365,1,0
96.73916784743874,4.694247264951732,83.99033412313001,105.14130558080205,68.41003759261886,2,1
97.30666286757612,35.45581207113762,72.55909695932917,146.15801086589062,140.44182618664192,3,1
82.09262778758038,13.479167570569125,47.44816862028904,149.75877622641246,141.141893827378,4,1
63.231621904053796,70.27627760427893,34.599647543967606,139.43079090245632,157.0824973709182,5,1
12.78749315732031,71.31715653130651,9.348235905150576,106.94978953687,166.0162248753817,6,1
9.820354080588451,71.84498745557062,8.705839337437881,83.57069201324687,162.52229948752432,7,1
43.978071681445115,24.62554150341743,30.004471259476595,88.5039556687494,99.05813554026014,8,1
5.5462483320493785,50.56698018043862,4.798172132726866,66.75094110085143,110.98869743345364,9,1
8.444255919258145,0.23834107490294443,5.960773886238117,52.686432656834114,34.473450604710195,10,1
18.43485810519662,77.04425602898576,16.09412303204816,52.974625891832034,124.07685727231755,11,1
41.932939080764555,20.383629174174327,31.8469426467282,68.92918077101062,92.73338326022682,12,1
14.057808650940174,5.789860238790773,11.304727783105873,59.55515432281331,61.66445745454607,13,1
28.580094174507096,6.543258772669393,21.339292769667317,63.02790079563663,45.63107826569548,14,1
2.4009566599410483,13.742496997263268,1.3256672162591403,45.44519777320478,45.63445695995329,15,0
86.55737244352107,0.0,71.55369903926342,103.36533748050677,107.77071021254051,16,1
32.89377308515334,15.957617808704796,18.205988349891125,90.56172458624586,112.65012163684591,17,1
22.50555501089533,20.008741568807004,13.733490802808186,77.12669801318029,79.09444527538103,18,1
28.93236346458886,53.410188570853585,17.738610923851777,71.72729953307798,107.36670622699816,19,1
40.266093386197085,25.634294263017548,33.04783513458842,83.256944807743,93.67732136221224,20,1
9.85638187636364,1.8676224293982795,7.326096374565412,65.60595773998551,55.81453223512875,21,0
16.359518782620775,0.0,10.79717127151158,56.721341689501436,35.66047620171737,22,0
45.26522774187471,27.000260581113867,30.069356613694303,69.77429579634531,86.47019375952257,23,1
90.78548169925426,30.262709063263877,60.67144945013926,109.51345650758097,123.45567111485548,0,1
29.283294470347304,34.66031678725129,19.99332241304227,96.65274196834895,115.61222506964108,1,1
8.512850299119329,14.585738402024267,7.245284863054308,74.90220424089857,67.16688367835914,2,0
10.252596717538454,16.010018762228356,6.319195591130281,58.75073855975928,65.04946122402049,3,0
5.730959102925473,7.75331861213057,4.653649025519432,45.77916601735092,46.01614905775795,4,1
12.737390731268945,3.4050441629609516,11.403144344197779,43.448560556343416,40.0154629173186,5,1
18.51662851404612,26.70814014525784,9.629945585997893,40.04393797543828,52.670518407868634,6,0
48.178472681143475,7.981108158986762,26.679955223754277,54.71071180656107,53.602199156115844,7,0
13.750620415768061,74.71811961776439,11.788706611796158,50.086204876388905,115.6094970259725,8,1
0.0,9.04946193587821,0.0,35.06034341347223,40.867946383459156,9,0
20.163181373033456,21.732805008310997,17.81515368357216,42.35739407300272,50.17186233902215,10,0
5.216905989186051,3.3630753643839064,2.7231546167354677,32.37333046783737,32.15173638016954,11,1
16.921574261662848,0.9221212916067216,10.602768267121101,33.26409959460726,22.32702085999087,12,0
31.9676566984365,62.42734281350367,28.110689263940618,51.3955589801657,95.61154678427673,13,1
70.98765209550244,21.70003707854047,55.16901673163109,91.14590801774708,109.79986608314542,14,1
24.866879065287755,0.0,14.116050875297681,77.91818648772063,84.83173327953496,15,0
57.67309395305214,14.513392613013183,44.86897808935808,99.41170863076252,99.76723505254236,16,1
0.0,31.266875228524178,0.0,69.58819604153376,85.09191658206456,17,1
18.727704880103857,33.12132815916493,11.926322608360195,60.63805983743383,94.06193382488917,18,1
20.378163013101233,55.93190109195206,14.355142790131971,56.80178467633565,102.66607538190954,19,1
36.13015102935347,17.52802158243733,30.609169516352488,70.37041878978744,80.26697102557108,20,1
8.643097297759248,12.147467494249453,7.319182856605273,56.57847600945647,52.99699428020806,21,0
31.39272331229162,11.498896412897555,19.72715023129291,59.33208343791244,62.705273420858376,22,0
76.06547089590434,4.199349208029009,48.78757736922303,90.32003577576174,72.645372325476,23,1
4.9011437538534395,7.963671768344476,3.256542259258578,66.48056730229179,62.634390995779384,0,1
37.39071564950783,83.75210976528392,19.65397667075032,66.19037378235457,143.19578643535212,1,1
101.38164014483387,9.836288160544292,59.51458896281921,105.8478506104674,80.42506307995822,2,1
38.09912232295873,0.0,23.464913918609938,97.55840934593712,70.18116711540118,3,1
44.746755293612026,6.378233762881303,29.370292222354,97.66117876450997,112.65588886006958,4,1
63.22579081581658,23.78346603011815,44.407918931260504,112.77074406641748,135.29839001975108,5,1
13.860372888564182,27.071094141556998,7.267855860370171,86.2073767068624,109.03557073381586,6,1
0.0,4.006301801023881,0.0,60.34516369480368,64.70228254080584,7,1
45.491539745130645,10.178459676700395,26.842938545434677,69.08455313179725,74.50716009981194,8,1
26.331628902348584,33.68258203856031,16.68136704730655,65.04055423956461,91.5463469801839,9,1
49.225139671847195,66.61565210602505,34.30011137595746,79.82849934365268,126.8955602846127,10,1
0.0,15.569921619019716,0.0,55.87994954055687,75.0190837187142,11,0
10.955526497717603,18.8149006091481,8.842269494210582,47.95823417260039,50.32264246378469,12,0
24.14901148266771,29.345767809905748,17.181609396874038,50.75237331769431,60.669545374800464,13,1
18.12530404528677,5.340486958750327,10.029936681029834,45.55659800341584,48.42890597350654,14,0
65.98224027027847,39.504835835134564,54.849343742399036,86.73896234479012,118.69988115604076,15,1
10.887915685695392,10.147656087719728,9.550804661259228,70.26807830261231,73.75347945067708,16,0
10.649739795646074,19.060608321733703,8.04740280656272,57.23505761839134,63.159131996336946,17,0
6.489929262312797,61.29715865784894,5.127891418342199,45.192431751216134,107.31160859747797,18,0
27.309578555674925,27.863158382541567,20.757324277013165,52.392026502864454,85.03550098499187,19,0
11.877364993306383,14.14023737026022,9.27146684488449,45.94588539688961,52.26024408724811,20,1
4.123390495375208,0.0,2.5757219174435004,34.737841695266226,29.966916372220318,21,1
18.977913293189655,17.761214081638357,14.670016020886871,38.98650520757323,54.062175950851866,22,0
6.491144711959075,1.4065805847870596,3.3489039210419307,30.63945756634319,28.946586403304934,23,0
18.10802359514233,83.43833581418002,15.002565782308928,36.450186078749155,109.76730859415368,0,1
24.66287286192217,0.0,21.31977606604934,46.83490632117375,47.3151398409697,1,0
0.0,66.12959873638867,0.0,32.78443442482162,88.85888478891138,2,1
79.20526608203215,18.55892326236366,65.56598256664792,88.51508666402304,86.12863586837217,3,1
69.40914072406385,22.94462201710168,50.82848030795134,112.78904097276747,132.4449674076172,4,1
11.29975501019473,1.1230101990737182,8.706216014203234,87.65854469514046,91.34995494274686,5,0
75.31803426070354,20.58927982188988,56.28622208858823,117.64720337518655,137.1460164898635,6,1
29.56579245772874,20.398802752912715,18.498276379862627,100.8513187424932,129.2159166843627,7,1
2.0821559035094737,18.429639441536796,1.2371198110943296,71.83304293083957,79.2855450468425,8,0
13.087514903048554,10.518843659805832,11.316957950193972,61.60008800178167,51.9946312725691,9,0
11.160016528589571,9.496336366786986,8.949563028917535,52.0696246301647,48.794911241203984,10,1
23.43720251748669,14.463052982928202,15.042448527754637,51.49118576886992,59.89357380611235,11,1
16.78898453408208,19.552864771261316,12.803700689538198,48.847530727747134,71.01338469867649,12,1
19.261926257399473,20.86900653780891,11.95462074778145,46.14789225720444,52.90262420794866,13,1
17.33123186293403,4.046268968441844,9.569061388982115,41.87258596902522,42.64083755166899,14,1
40.19965147151722,0.0,31.07708269522338,60.38789287354103,55.21669689782171,15,1
19.20339797454634,8.388218357541005,15.995593564972747,58.267118576451466,72.23803609072071,16,1
36.357270873614596,29.398505805368195,28.16493955263602,68.95192255615204,79.16851347420409,17,1
23.250246784464295,11.359799190274389,17.490093887972172,65.75643967727859,64.95599030451393,18,1
36.03716395903871,5.718750097588082,20.53803070752313,66.56753848161814,74.77403896659125,19,0
18.492864191424424,14.31131156398149,13.93014699321365,60.527423930346345,72.44955649074811,20,1
41.74780279660024,0.0,24.79871752383164,67.16791427507408,62.20692949956411,21,1
82.93758721633111,17.631628046405233,68.66160677109563,115.67914676364748,144.84111114290315,22,1
32.78702965149426,0.24979682639500567,22.9886326607075,103.96403539526072,103.95965484142351,23,1
63.26966183178997,4.808046170047103,41.20919112830869,113.9840159049912,78.23637636764637,0,1
20.42118161071986,16.25073526954089,18.266148996403288,98.05496012989713,115.32786978546,1,1
23.142051254716588,3.1855913942163827,19.37402065133154,88.01249274225952,75.61488348671308,2,1
8.456564282523138,21.567632097323685,4.4674223059285465,66.0761672255102,73.15792738531354,3,1
19.878301975823746,16.897070703878214,16.271509097903497,62.524826155760636,73.02606987826658,4,0
45.94828098025167,0.0,25.626496623000534,69.39387493203299,44.88254985021469,5,1
14.822529418253055,20.871054420915932,9.308644009347672,57.884356461770764,70.24770397855534,6,1
16.015672673291935,27.438187002053215,8.063051986358051,48.58210150959758,57.07261142678682,7,1
94.09787841149824,0.0,63.71155446225625,97.71902551897455,94.4072889649384,8,1
25.343791830591254,30.13823103042619,19.038565258223574,87.44188312150575,118.8891013571259,9,1
29.001784261949155,10.25741997859139,20.16088261291585,81.37020079796987,67.38973536250765,10,1
0.0,0.0,0.0,56.95914055857891,47.02347486305573,11,0
16.497313136226524,46.658103079447194,9.870795050039726,49.74219344104496,99.2565467370454,12,1
20.683458217128475,22.480885659358986,11.412144542619062,46.23167995135053,58.90731678822007,13,1
6.343389341497659,40.285422278472275,3.5892573031539987,35.95143326909937,69.16039528322098,14,0
10.374997698044265,104.3672588665269,7.9530885498899995,33.11909183825956,128.96487574670914,15,1
27.203907521088873,2.3387078942346076,22.054984414468606,45.238348701250295,44.713915374383205,16,0
2.3888880258653806,5.535936826183649,1.8944958948576118,33.561339985732815,37.162887828521846,17,1
8.05794795220257,3.5992380304064735,4.092314226164367,27.585252216177338,32.27952899470371,18,0
68.13885980060384,0.0324882596381606,38.06531886983595,57.37499542116008,39.037913544261016,19,0
12.740193255786817,16.483937941815135,8.249148523480855,48.411645318292905,64.16290733925844,20,0
28.660452876599923,13.456086643775329,19.87748305394077,53.765634776745806,69.84366514387749,21,0
27.351194423772434,21.571869263030308,22.976455496839733,60.61239984056179,66.70235701035097,22,0
55.82557989305658,97.62575072723929,28.90845239981188,71.33713228820514,145.53084482358153,23,1
30.84240342478268,16.34158989844066,15.585051406405798,65.52104400814939,73.41092041572048,0,1
8.151735362496202,14.977132404134913,6.570784056043046,52.43551486174761,59.16167344848848,1,1
4.308183724062436,20.680888988549597,2.4249971470310085,39.129857550254336,62.986879070916245,2,1
22.900291693974722,7.186765235831157,18.94149146236217,46.3323917475402,57.664686480193694,3,1
44.06508662462895,11.578868915495832,31.66072243961912,64.09339666289726,52.902225088711326,4,1
28.77024922876883,10.557292897603746,15.549348650245138,60.41472631427322,65.62948013128691,5,1
10.018665528058092,23.662841825257697,7.869302234893012,50.15961065488426,75.67028324383409,6,1
23.917652104617638,27.27841168017584,13.497786267118123,48.609513725537106,73.46590507375333,7,0
20.227744138106498,3.302321088925897,14.268795276572765,48.29545488444874,55.22667770537198,8,0
36.17800319094421,11.067154196784006,25.18441231804353,58.99123073715765,71.43833735410992,9,0
0.0,3.2580054496007236,0.0,41.29386151601035,44.42705801829587,10,0
9.000969742937349,11.285990855954466,5.598962091325562,34.50466515253281,34.90200656622625,11,0
27.292771873429082,0.0,18.529638770617854,42.68290437739082,46.21529711577049,12,1
7.092738899257471,5.2682923928913254,4.1307776123411335,34.008810676514706,37.73473764955789,13,1
41.40958046433825,9.966782968097393,24.100031846258275,47.90619931981857,56.483592110827104,14,1
14.673175167642519,19.977893784430492,11.578212655438127,45.11255217931112,54.24595904368494,15,0
17.625417829855042,50.63296067015996,15.466419643030493,47.045206168548276,101.82966308636803,16,1
21.267577185392938,24.575934595346837,16.239086604266717,49.170730922250506,78.39638060583749,17,1
54.481456759047234,16.743816663908852,44.72434427554813,79.14385592112347,95.36227668053456,18,1
7.8426712644002485,9.4240865735455,6.293932218025371,61.6946313628118,63.08798295472035,19,1
30.283846194476247,13.300216967878477,20.791369692832916,63.97761164680117,63.25605006419525,20,1
24.43981857264443,19.715565031413924,16.984450039311277,61.7687781920721,76.08240268047325,21,0
80.23981478700816,43.1238486337515,41.16208687611892,84.40023161056939,125.13356587734137,22,1
21.960350366965734,13.30169095959662,13.167223159028577,72.24738528642715,70.0992293291923,23,1
0.0,47.002052587240144,0.0,50.573169700499,93.17134088724293,0,1
20.66911586651434,30.084957221772846,11.746785248149898,47.148004038499195,63.03411124967936,1,1
78.80467545673729,82.29449650255191,64.24267941267306,97.24628223962249,155.09374964661515,2,1
26.6765638224906,5.412952128974823,23.34179244240051,91.41419001013625,91.88745586448898,3,1
29.486813249634512,67.44106406044244,19.491094413774782,83.48102742087016,155.93262494040624,4,1
7.668859822581089,50.22920329095786,4.2127147999259975,62.64943399453511,100.37914569549346,5,1
30.063668724153125,22.24548624333473,19.521580662227116,63.37618445840169,65.06910503028665,6,0
6.477573396587664,22.240478075367843,4.8664884346501385,49.22981755553132,54.76592745963276,7,0
