rain_A,rain_B,rain_C,runoff_A,runoff_B,runoff_C,river_flow,flood
2.1825368521101334,11.49366284083025,6.583438757834248,1.30952211126608,6.321514562456638,3.291719378917124,1.0922756052639844,0
12.98490819535919,14.791010910446547,9.066246870104898,7.790944917215513,8.135056000745601,4.533123435052449,3.138188040565341,0
6.0497248386959335,5.845116119165078,13.043976301476167,3.62983490321756,3.214813865540793,6.521988150738084,4.474851732514984,0
22.00231346023854,38.89549621938802,11.619770240054592,13.201388076143123,21.392522920663414,5.809885120027296,8.515231344198368,0
2.4323384846733216,10.12242377909074,7.074826974521753,1.459403090803993,5.5673330784999076,3.5374134872608765,9.571646309854845,0
24.332874168004295,5.949452646136045,4.472031160315856,14.599724500802576,3.272198955374825,2.236015580157928,11.582440213488377,0
5.880098503216937,3.404502645497008,12.046894679989403,3.528059101930162,1.8724764550233546,6.023447339994702,12.7248385031832,0
10.725870837137865,4.351094741666491,15.436930083855891,6.435522502282719,2.39310210791657,7.718465041927946,14.379547468395922,0
38.73524217371931,18.551637137332488,13.056839910225403,23.241145304231583,10.20340042553287,6.528419955112701,18.376844036883636,0
25.526568998640588,16.94145794780468,9.999545553933014,15.315941399184352,9.317801871292573,4.999772776966507,21.340195641627982,0
8.682344424356124,15.08097682524665,8.915831205254564,5.209406654613674,8.294537253885657,4.457915602627282,23.136381592740644,0
25.798749250424574,9.87332173548649,5.084826391462853,15.479249550254744,5.43032695451757,2.5424131957314264,25.481580562791017,0
0.40542084203364215,13.932710638724659,2.509496526972319,0.24325250522018527,7.662990851298563,1.2547482634861595,26.397679724791505,0
15.001404511031984,5.0826564873674585,1.415467982782561,9.00084270661919,2.7954610680521026,0.7077339913912805,27.648083501397764,0
26.104594944565616,20.374714285304695,12.76228773263427,15.66275696673937,11.206092856917582,6.381143866317135,30.973082870395174,0
12.45374306145345,35.95155620861071,3.2298408211003995,7.4722458368720694,19.77335591473589,1.6149204105501997,33.85913508661099,0
28.596143425079177,23.7019546801318,7.3823298849141725,17.157686055047506,13.03607507407249,3.6911649424570863,37.2476276937687,0
33.157036085318445,10.819866828530994,5.228115779129274,19.894221651191067,5.9509267556920475,2.614057889564637,40.09354832341347,0
37.557134735464125,14.652330534850316,0.49448413541698366,22.534280841278473,8.058781794167675,0.24724206770849183,43.17757879372894,0
7.522579957175246,6.594551977828762,6.004661669742429,4.513547974305148,3.6270035878058193,3.0023308348712145,44.29186703342716,0
12.634189804862402,12.02207101519461,0.7817202381551989,7.58051388291744,6.6121390583570365,0.39086011907759943,45.750218339462364,0
4.554400848343223,3.8966010081754465,5.377853079523733,2.7326405090059334,2.1431305544964956,2.6889265397618667,46.50668809978879,0
3.430422955837116,11.048524631942797,4.8261196919979925,2.0582537735022695,6.076688547568539,2.4130598459989963,47.56148831649577,0
24.918358048911067,5.757810172684984,5.502815573330265,14.95101482934664,3.1667955949767412,2.7514077866651325,49.648410137594624,0
0.5663324822028821,2.616557398170437,15.947381320437547,0.33979948932172926,1.4391065689937403,7.973690660218773,50.623669809448046,0
8.333287405600213,14.066524983523983,21.789275968475227,4.999972443360128,7.736588740938192,10.894637984237614,52.98678972630163,0
17.607751485900163,7.691409825524131,22.897207758348,10.564650891540097,4.230275404038272,11.448603879174,55.61114274377687,0
2.8102040178947685,11.869177674994418,10.83742143526408,1.686122410736861,6.528047721246931,5.41871071763204,56.97443082873845,0
1.1605980942381833,11.472357686727282,12.019167320498763,0.69635885654291,6.3097967277000055,6.0095836602493815,58.276004753187685,0
8.161756315118277,5.324917296931116,6.043955848189368,4.897053789070966,2.9287045133121143,3.021977924094684,59.36077837583546,0
6.2556497517738405,22.902685813045597,31.283491983367256,3.7533898510643042,12.59647719717508,15.641745991683628,62.55993967982776,0
10.634261350305914,7.185146593878086,8.667943101950215,6.380556810183548,3.9518306266329475,4.333971550975107,64.02657557860691,0
10.82025685486531,24.532495473066625,11.670657684603235,6.492154112919185,13.492872510186645,5.835328842301617,66.60861112514766,0
15.310937560353398,30.083941793622984,11.785643146115898,9.186562536212039,16.54616798649264,5.892821573057949,69.77116633472393,0
3.627173426142202,11.382016821124077,16.664707273601216,2.1763040556853213,6.260109251618243,8.332353636800608,71.44804302913434,0
11.606562998603616,11.103445763302144,18.699636872127034,6.96393779916217,6.1068951698161795,9.349818436063517,73.69010816963853,0
1.7209909953329574,20.653577428962635,7.851599203182268,1.0325945971997743,11.35946758592945,3.925799601591134,75.32189434811056,0
16.479734166930086,29.06141733305833,14.71268226631494,9.88784050015805,15.983779533182084,7.35634113315747,78.64469046476033,0
6.635412659314731,11.913509885569725,9.936045344273461,3.9812475955888385,6.552430437063349,4.968022672136731,80.19486053523923,0
25.269356978301644,18.93956557540188,11.810369520431,15.161614186980986,10.416761066471034,5.9051847602155,83.34321653660598,0
21.501241028943276,19.479481449405736,14.224470212276161,12.900744617365966,10.713714797173155,7.112235106138081,86.41588598867371,0
14.346039688012237,15.783742616608432,14.020557743646018,8.607623812807342,8.681058439134638,7.010278871823009,88.8457821010502,0
13.266775963606875,15.183548596166727,3.8380473325113655,7.960065578164125,8.350951727891701,1.9190236662556828,90.66878619828135,0
11.345442262936217,14.905704931412595,18.61305540978852,6.80726535776173,8.198137712276928,9.30652770489426,93.09997927577464,0
22.308664546126348,0.5407643887012471,5.155632291300804,13.385198727675808,0.29742041378568596,2.577816145650402,94.72602280448584,0
28.624821564352402,5.597716534345988,4.776160189768462,17.17489293861144,3.0787440938902937,2.388080094884231,96.99019451722444,0
2.744458920753058,2.7475802133292815,6.557718608843789,1.6466753524518347,1.511169117331105,3.2788593044218945,97.63386489464492,0
5.756038147115827,13.648208566742648,14.968523612644484,3.4536228882694964,7.506514711708457,7.484261806322242,99.47830483527494,0
15.787783862836118,19.544032492635534,2.9456836018255173,9.47267031770167,10.749217870949545,1.4728418009127586,101.64777783423133,1
4.175399498794293,10.935318633686391,15.173740809821917,2.5052396992765753,6.014425248527515,7.586870404910958,103.25843136950284,1
14.302967182700577,15.919676779771006,5.272135827720172,8.581780309620346,8.755822228874054,2.636067913860086,105.25579841473831,1
2.3128907286526044,23.903472011677476,5.269827567638066,1.3877344371915625,13.146909606422613,2.634913783819033,106.97275419748162,1
10.31290479646956,2.6176441556612255,14.365600956383668,6.187742877881736,1.4397042856136741,7.182800478191834,108.45377896165036,1
8.820126686691566,14.601080810013197,7.022170768424195,5.292076012014939,8.030594445507258,3.5110853842120977,110.13715454582378,1
16.511740777763638,12.59678158860122,9.86668444942248,9.907044466658183,6.928229873730671,4.93334222471124,112.31401620233379,1
32.72265507952888,26.01879593126571,3.0368882308517358,19.633593047717326,14.310337762196141,1.5184441154258679,115.86025369486772,1
8.727032927286938,22.745913308452288,4.921232565179167,5.236219756372162,12.510252319648759,2.4606162825895836,117.88096253072877,1
2.148064233118351,6.78557917895479,14.041803026797426,1.2888385398710105,3.7320685484251346,7.020901513398713,119.08514339089825,1
18.511325971319803,28.26661836778325,7.498579237368068,11.10679558279188,15.546640102280788,3.749289618684034,122.12541592127391,1
2.6852376850426465,2.2180870580122782,20.350319302963275,1.6111426110255878,1.219947881906753,10.175159651481637,123.42604093571532,1
13.483610267700264,11.557375041876922,13.078510251232442,8.090166160620159,6.356556273032307,6.539255125616221,125.52463869164217,1
11.8125921617346,6.377612005221497,7.743056892848811,7.087555297040759,3.5076866028718237,3.8715284464244055,126.97131572627586,1
9.394891008793941,6.877070877226905,8.385762427797221,5.636934605276364,3.782388982474798,4.192881213898611,128.33253620644084,1
11.665968323417534,18.08289406911268,5.9514730373254725,6.99958099405052,9.945591738011975,2.9757365186627363,130.32462713151335,1
21.490115716095577,22.48671029928345,2.3190335783307527,12.894069429657346,12.367690664605899,1.1595167891653764,132.96675481985622,1
17.925972270699145,15.797035684579212,12.118847090277376,10.755583362419486,8.688369626518567,6.059423545138688,135.5170924732639,1
20.84492749136101,21.49256255533039,7.230549638387874,12.506956494816604,11.820909405431715,3.615274819193937,138.31140654520811,1
7.140423699471423,5.925754096739805,17.08974979433686,4.284254219682854,3.259164753206893,8.54487489716843,139.92023593221393,1
11.748977365510465,18.56822899514799,7.579176833676694,7.049386419306279,10.212525947331395,3.789588416838347,142.02538601056153,1
18.32040854397011,16.962387632888603,8.569530729166742,10.992245126382066,9.329313198088732,4.284765364583371,144.48601837946694,1
1.7188748598769408,9.387319151250244,10.710731260310526,1.0313249159261644,5.163025533187635,5.355365630155263,145.64098998739385,1
4.7442914264794736,13.595612919553547,2.347348716819597,2.846574855887684,7.477587105754451,1.1736743584097984,146.79077361939903,1
12.706993133080154,6.719368252306658,1.2663537862558214,7.6241958798480916,3.695652538768662,0.6331768931279107,147.9860761505735,1
9.303623100134233,1.6512633824240421,0.8714034596715957,5.58217386008054,0.9081948603332233,0.43570172983579786,148.67868319559847,1
14.084259603007517,6.219118749961519,6.8403655047814915,8.45055576180451,3.4205153124788357,3.4201827523907458,150.20780857826588,1
12.156690045487238,10.911829864586752,17.373125170771296,7.294014027292342,6.001506425522714,8.686562585385648,152.40601688208594,1
9.888521658422714,12.046736514489162,21.454550630810147,5.933112995053628,6.62570508296904,10.727275315405073,154.73462622142873,1
18.88839793292805,8.69548984034763,8.071049720484538,11.33303875975683,4.7825194121911965,4.035524860242269,156.74973452464778,1
6.067479151276226,14.448264555973726,11.879874710924934,3.6404874907657354,7.94654550578555,5.939937355462467,158.50243155984913,1
12.504313301107864,7.758055683954168,9.657326811243461,7.5025879806647175,4.266930626174792,4.828663405621731,160.16224976109527,1
0.2751829680188361,12.699682259478507,13.065104397206273,0.16510978081130168,6.984825242713179,6.5325521986031365,161.530498483308,1
8.669629710062031,8.662639758739338,4.224268476461669,5.201777826037218,4.7644518673066365,2.1121342382308343,162.73833487646547,1
6.362430992615645,9.095075962830967,1.3845002918657576,3.8174585955693865,5.002291779557032,0.6922501459328788,163.6895349285714,1
19.674629182543207,20.943046392865035,2.5342374428244034,11.804777509525923,11.51867551607577,1.2671187214122017,166.1485921032728,1
14.879147908353502,24.613335355344706,12.490138587527973,8.9274887450121,13.537334445439589,6.2450692937639865,169.01958135169434,1
5.534698672750153,7.377034523883179,11.083585888453973,3.3208192036500916,4.057368988135749,5.541792944226986,170.31157946529564,1
14.507154739617963,19.312915914718978,10.342194356815481,8.704292843770778,10.62210375309544,5.171097178407741,172.76132884282305,1
25.726562313179592,1.7906257672787154,13.29492031325071,15.435937387907755,0.9848441720032935,6.647460156625355,175.0681530144767,1
10.279741584018053,7.376034254057632,3.4429868398794934,6.1678449504108315,4.056818839731697,1.7214934199397467,176.2627687354849,1
7.4001647682295975,44.35444721241838,4.475223700188371,4.440098860937758,24.39494596683011,2.2376118500941855,179.37003440327112,1
6.066277866179201,11.529313709094588,17.273418015028156,3.63976671970752,6.341122540002024,8.636709007514078,181.2317942299935,1
8.348259896260478,3.753519124500391,5.228971163209027,5.008955937756286,2.0644355184752152,2.6144855816045136,182.2005819337771,1
6.437899841073763,29.427256116229707,4.321979258223705,3.8627399046442576,16.18499086392634,2.1609896291118527,184.42145397354534,1
22.968353763108556,11.326296926632018,1.568625375707501,13.781012257865134,6.229463309647611,0.7843126878537505,186.500932799082,1
2.7843166837016775,12.245860292734863,13.15033355721383,1.6705900102210065,6.735223161004175,6.575166778606915,187.99903079406522,1
4.1434829776510504,4.6205649075809445,4.941355883650803,2.48608978659063,2.54131069916952,2.4706779418254015,188.74883863682376,1
2.2194786671906934,46.845525819224385,2.7530783387491815,1.331687200314416,25.765039200573412,1.3765391693745908,191.59616519385,1
7.810948990688477,3.9112251913920026,3.460831668245123,4.686569394413086,2.1511738552656015,1.7304158341225615,192.45298110223013,1
9.819792182704724,10.169701508779061,27.755563038368397,5.891875309622834,5.593335829828484,13.877781519184198,194.98928036809366,1
11.546899070696817,11.507936183106272,11.596987199681285,6.92813944241809,6.32936490070845,5.798493599840643,196.8948801623904,1
13.389859005790363,2.8150101916286947,7.9099956266132185,8.033915403474218,1.548255605395782,3.9549978133066093,198.24859704460806,1
7.544453492722868,8.508192111548926,8.845185328083291,4.52667209563372,4.67950566135191,4.4225926640416455,199.61147408671079,1
7.198347211263439,14.84387106245886,14.144593422118328,4.3190083267580635,8.164129084352373,7.072296711059164,201.56701749892773,1
8.296223265369331,17.924754524995425,17.059536862553905,4.977733959221599,9.858614988747485,8.529768431276953,203.90362923685234,1
11.552680275266042,9.24548537635826,17.666567856034916,6.931608165159624,5.085016956997044,8.833283928017458,205.98862014186977,1
16.783191795697334,16.620626147607116,9.792282238738071,10.0699150774184,9.141344381183915,4.896141119369036,208.39936019966692,1
3.293991381532022,5.167098146480721,4.006957898467195,1.9763948289192133,2.8419039805643966,2.0034789492335974,209.08153797553865,1
8.141678590324734,20.363384021167214,12.870017892097952,4.88500715419484,11.199861211641968,6.435008946048976,211.33352570672724,1
28.845224066649337,10.09099289192288,10.098299319613275,17.3071344399896,5.550046090557585,5.049149659806638,214.12415872576264,1
41.609645344974346,19.44069765778618,5.170836708220117,24.965787206984608,10.6923837117824,2.5854183541100584,217.94851765305035,1
6.622544322464979,21.502205018109645,9.228238847526201,3.973526593478987,11.826212759960306,4.614119423763101,219.98990353077056,1
23.46141643084441,3.6865812382643846,12.556245794236569,14.076849858506645,2.0276196810454117,6.278122897118284,222.22816277443758,1
0.8035675572616345,5.375471905884244,5.13292864725745,0.4821405343569807,2.9565095482363346,2.566464323628725,222.8286742150598,1
9.74741576717472,3.0828701865152603,12.637661398327449,5.848449460304832,1.6955786025833934,6.318830699163724,224.214960091265,1
9.477123472570677,11.386536645400822,14.983707725524118,5.686274083542406,6.262595154970453,7.491853862762059,226.15903240139252,1
21.35772534167592,22.120046384611875,9.298281947105874,12.814635205005551,12.166025511536532,4.649140973552937,229.12201257040203,1
4.557556846040358,4.91498217891199,5.524845460153795,2.7345341076242144,2.703240198401595,2.7624227300768975,229.94203227401226,1
1.8519166159602478,18.517399558101722,5.392585503375313,1.1111499695761486,10.184569756955948,2.6962927516876567,231.34123352183425,1
5.649853961353731,14.768632507250036,4.083493355067068,3.3899123768122386,8.12274787898752,2.041746677533534,232.69667421516758,1
17.575323912155337,1.2286744309170208,8.5581663526341,10.545194347293203,0.6757709370043615,4.27908317631705,234.24667906122906,1
14.159190125277622,9.311362749453487,4.033603299836984,8.495514075166573,5.121249512199418,2.016801649918492,235.81003558495752,1
18.531051621983387,7.430646740131443,3.479074081782535,11.118630973190031,4.086855707072294,1.7395370408912676,237.50453795707287,1
16.680504586758495,12.115929517849121,2.9548475906484466,10.008302752055096,6.663761234817017,1.4774237953242233,239.31948673529251,1
21.206469868460132,25.72729055888424,14.901556913781672,12.72388192107608,14.150009807386333,7.450778456890836,242.75195375382782,1
4.545023744605503,1.0316865014781178,2.404245281583979,2.727014246763302,0.5674275758129649,1.2021226407919896,243.20161020016462,1
17.042155647406872,18.249558718740257,11.53464132639307,10.225293388444124,10.037257295307143,5.767320663196535,245.8045973348594,1
1.395744035824606,16.24533479676063,6.7008731320298764,0.8374464214947636,8.934934138218347,3.3504365660149382,247.11687904743223,1
4.385310103901952,5.386114497161278,2.786874190081423,2.6311860623411714,2.9623629734387036,1.3934370950407116,247.8155776605143,1
18.48162493141289,5.538994701968457,13.512688518991599,11.088974958847734,3.046447086082652,6.756344259495799,249.90475429095693,1
37.21891851472762,29.66627479522111,14.72455419613109,22.33135110883657,16.31645113737161,7.362277098065545,254.5057622253843,1
7.147864029014453,29.183829890893204,6.0203432834878265,4.288718417408671,16.051106439991262,3.0101716417439133,256.8407618752987,1
7.561915581559029,12.853680273145088,10.939480631184395,4.537149348935418,7.069524150229799,5.4697403155921975,258.5484032567744,1
12.160334043000011,15.684198022437513,13.619564223595464,7.296200425800007,8.626308912340633,6.809782111797732,260.8216324017682,1
7.050962222227758,31.143564189493386,5.140600194523188,4.2305773333366545,17.128960304221362,2.570300097261594,263.2146161752502,1
1.8555966381171611,4.773902000940876,11.29963547165108,1.1133579828702966,2.625646100517482,5.64981773582554,264.15349835717154,1
5.061565717961148,44.3036218481186,11.96820061364049,3.036939430776689,24.366992016465232,5.984100306820245,267.49230153257776,1
15.194884166544238,10.05693364590825,4.638795540066025,9.116930499926543,5.531313505249538,2.3193977700330124,269.18906571009865,1
13.391007057182286,24.524893065076856,7.5368301031163165,8.034604234309372,13.488691185792272,3.7684150515581583,271.7182367572646,1
5.445867875105176,9.887072080752455,14.543620867706684,3.2675207250631053,5.4378896444138505,7.271810433853342,273.31595883759763,1
3.2931856220637297,16.73389156130272,4.958189003564361,1.9759113732382376,9.203640358716497,2.4790945017821806,274.6818234609713,1
5.545566492047756,3.0749214290167113,12.4169663643073,3.3273398952286537,1.6912067859591913,6.20848318215365,275.8045264473055,1
4.602787921114006,34.567823582934814,7.43203103492028,2.7616727526684035,19.01230297061415,3.71601551746014,278.35352557137975,1
5.306055069197696,27.806653109578306,5.610063884656346,3.183633041518618,15.29365921026807,2.805031942328173,280.48175799079127,1
14.85802018781892,30.18180626572981,1.6176836928041585,8.91481211269135,16.599993446151398,0.8088418464020792,283.1141227313157,1
22.68031257705302,12.552145537789714,13.90634607949954,13.608187546231811,6.903680045784344,6.95317303974977,285.86062679449236,1
7.491952308512588,21.304454798516954,10.946445969673766,4.495171385107553,11.717450139184326,5.473222984836883,288.02921124540524,1
18.76088802925041,10.517345556486138,3.301832991952194,11.256532817550246,5.784540056067376,1.650916495976097,289.89841018236456,1
4.015180904595853,12.0938693235699,27.656521077151407,2.409108542757512,6.651628127963446,13.828260538575703,292.18730990329425,1
18.332865578274433,14.544096635566437,8.85505482306084,10.999719346964659,7.99925314956154,4.42752741153042,294.5299598940999,1
11.470599908337356,17.235987523815307,2.494631793852731,6.882359945002413,9.47979313809842,1.2473158969263656,296.2909067921026,1
4.269841235518229,27.678812739594115,0.7555318500479112,2.5619047413109377,15.223347006776764,0.3777659250239556,298.1072085594138,1
8.77506676914198,13.080641401543005,5.887047702614348,5.2650400614851876,7.194352770848654,2.943523851307174,299.64750022777787,1
15.120764981134812,11.414823275662988,1.6932251144825567,9.072458988680888,6.2781528016146435,0.8466125572412784,301.26722266253154,1
8.997091573872133,5.331024839468867,8.553639029793544,5.39825494432328,2.9320636617078772,4.276819514896772,302.52793647462437,1
5.603240761741576,21.22077203797562,4.0600255086150705,3.3619444570449457,11.671424620886592,2.0300127543075352,304.2342746578483,1
7.5805577899276635,16.06333265755699,3.0282474278232527,4.548334673956598,8.834832961656346,1.5141237139116264,305.7240037928007,1
13.428816136283231,4.242222082821044,6.6071189754150215,8.057289681769939,2.3332221455515745,3.3035594877075107,307.0934109243036,1
4.419920399882632,26.81436873902234,6.490667635395928,2.6519522399295794,14.747902806462287,3.245333817697964,309.15792981071263,1
5.904419255539045,9.148770717251741,12.175603370076209,3.542651553323427,5.031823894488459,6.087801685038104,310.6241575239976,1
4.1640693249247445,10.861330311923126,4.655674647794696,2.4984415949548464,5.97373167155772,2.327837323897348,311.7041585830386,1
11.621724886630869,4.940209127224298,8.955954357240778,6.973034931978521,2.717115019973364,4.477977178620389,313.12097129609583,1
25.3449859270362,3.591034614225164,20.77897076262179,15.206991556221718,1.9750690378238405,10.389485381310894,315.8781258936315,1
13.18609205899256,7.046731072615313,19.202778481264353,7.911655235395536,3.8757020899384225,9.601389240632177,318.0170005502281,1
30.984416616102617,24.16459523757532,2.8118721263783986,18.59064996966157,13.290527380666427,1.4059360631891993,321.3457118915798,1
20.4538786684719,20.542570014745067,14.810311220600445,12.27232720108314,11.298413508109787,7.4051556103002225,324.4433015235291,1
8.97852385603662,13.86153769129107,21.077219018196875,5.387114313621972,7.62384573021009,10.538609509098437,326.79825847882216,1
4.754954057923312,14.292745003242008,9.733062299253733,2.8529724347539873,7.861009751783105,4.866531149626867,328.35630981243855,1
15.490533887769498,12.863599700888466,15.646844858618945,9.294320332661698,7.074979835488657,7.823422429309472,330.77558207218453,1
15.750474970779301,5.3554209386471054,25.48118396666045,9.450284982467581,2.9454815162559083,12.740591983330225,333.28921792038994,1
18.105127485862077,6.564553439805149,6.9086155751578655,10.863076491517246,3.610504391892832,3.4543077875789328,335.0820067874888,1
10.331513504396167,5.267851676454399,14.053091820049872,6.1989081026376995,2.8973184220499193,7.026545910024936,336.6942840309601,1
4.526869856213613,19.9065549841769,18.55203681007145,2.716121913728168,10.948605241297296,9.276018405035725,338.9883585869662,1
0.7486877806273754,15.095411899781807,3.3339146059814695,0.4492126683764252,8.302476544879994,1.6669573029907347,340.0302232385909,1
8.89503178118868,10.784211134568606,4.549045806124821,5.337019068713207,5.931316124012734,2.2745229030624103,341.3845090481698,1
8.604885490385202,5.89323490633281,1.1859469952134813,5.162931294231121,3.241279198483046,0.5929734976067407,342.28422744720183,1
6.711584616057943,7.610342334940075,3.902982683122968,4.026950769634765,4.185688284217042,1.951491341561484,343.3006404867432,1
3.5201179449726503,22.756913943356214,14.170223932778967,2.11207076698359,12.516302668845919,7.0851119663894835,345.47198902696505,1
26.34161833367795,14.209488311600603,19.18131192161083,15.80497100020677,7.815218571380332,9.590655960805416,348.7930735802043,1
21.880161635556235,23.877531136178934,3.876847607209535,13.12809698133374,13.132642124898414,1.9384238036047674,351.612989871188,1
3.7321906332364527,19.055889343791797,18.57052192870618,2.2393143799418715,10.48073913908549,9.28526096435309,353.81352131952605,1
40.01651041002975,23.654887158965575,2.2335832589074274,24.009906246017852,13.010187937431068,1.1167916294537137,357.6272099008163,1
8.316955137034114,8.778441874968633,3.5779928168724213,4.990173082220468,4.828143031232749,1.7889964084362107,358.78794115300525,1
6.631209358648038,8.058243721009964,9.157072426622664,3.9787256151888224,4.43203404655548,4.578536213311332,360.08687074051085,1
20.439612448649182,4.054773295474233,9.231802723758896,12.263767469189508,2.230125312510828,4.615901361879448,361.9978501548688,1
1.3557068977375004,27.385059977047263,5.275487875036565,0.8134241386425002,15.061782987375995,2.6377439375182825,363.8491452612225,1
3.7204726346216495,11.999024646793032,13.939055335047657,2.2322835807729895,6.599463555736168,6.9695276675238285,365.42927274162577,1
3.0428706733911532,17.947954352874188,17.655930116049174,1.8257224040346918,9.871374894080803,8.827965058024587,367.4817789772398,1
8.719053314718705,16.49855137728242,14.61570142300236,5.231431988831223,9.074203257505333,7.30785071150118,369.64312757302355,1
13.247600921570216,4.5945510630025534,11.781705817412265,7.948560552942129,2.5270030846514047,5.890852908706132,371.27976922765356,1
6.324115834008593,13.81773283250297,13.154185323080771,3.7944695004051554,7.599753057876634,6.5770926615403855,373.0769007496358,1
8.725136512199771,14.292654465429493,2.943994383768195,5.235081907319863,7.860959955986222,1.4719971918840975,374.5337046551548,1
6.6626742178752885,10.918433811446821,20.40613571082417,3.997604530725173,6.005138596295752,10.203067855412085,376.55428575339806,1
7.2199001741230875,9.462749992949526,2.7987370051820863,4.331940104473852,5.2045124961222395,1.3993685025910432,377.6478678637168,1
24.49942376026059,7.294966922213584,10.513797729560572,14.699654256156354,4.012231807217471,5.256898864780286,380.0447463565322,1
6.848704426454277,27.370170295959184,18.76662582743091,4.109222655872566,15.053593662777553,9.383312913715455,382.89935927976876,1
20.646844750796316,23.13320022956439,7.228961283782214,12.388106850477788,12.723260126260415,3.614480641891107,385.77194404163174,1
2.6526095444914977,4.8709388687511055,14.625684319738937,1.5915657266948986,2.679016377813108,7.312842159869469,386.9302864680694,1
12.98014379580152,8.125527336284053,12.838129980477868,7.788086277480912,4.46904003495623,6.419064990238934,388.7979055983371,1
2.676557120266339,25.231495216834123,1.380120121658541,1.6059342721598033,13.877322369258769,0.6900600608292705,390.4152372685619,1
27.620544665306927,34.77132902414111,6.96005593366648,16.572326799184154,19.12423096327761,3.48002796683324,394.33289584149134,1
16.054843778877718,6.426122070836642,7.822012174898161,9.63290626732663,3.534367138960153,3.9110060874490804,396.04072379086494,1
7.212544254212932,34.61322954120512,7.709914588134097,4.327526552527759,19.03727624766282,3.8549572940670487,398.7626998002907,1
41.81668578083311,8.797342424430138,7.770484586365639,25.090011468499867,4.838538333436576,3.8852422931828197,402.1440790098027,1
15.42649899165037,4.40139367055417,5.6634347348717355,9.255899394990221,2.4207665188047938,2.8317173674358678,403.5949173379258,1
21.22811095975624,20.315452855196114,12.985757725887959,12.736866575853744,11.173499070357863,6.4928788629439795,406.6352417888413,1
9.142289731676973,9.892423149411927,6.528373219850109,5.485373839006184,5.440832732176561,3.2641866099250545,408.05428110695215,1
3.5626474164905746,34.661884036419785,11.31960239012098,2.1375884498943445,19.064036220030882,5.65980119506049,410.74042369345074,1
4.497496019819758,1.576341725931358,10.905141091421655,2.6984976118918547,0.8669879492622469,5.452570545710827,411.6422293041372,1
16.12666252843673,15.902336512274228,9.951416004893293,9.675997517062036,8.746285081750827,4.9757080024466465,413.9820283642631,1
9.345915651427244,22.42219974099973,11.462313221965346,5.607549390856346,12.332209857549852,5.731156610982673,416.34911995020195,1
9.346315981525787,12.089017099344613,13.330693985733719,5.607789588915472,6.6489594046395375,6.665346992866859,418.2413295488441,1
19.14583596664982,3.496868386039281,5.643459307180747,11.48750157998989,1.9232776123216047,2.8217296535903733,419.8645804334343,1
23.12695540055534,11.468676405943256,5.049576631800987,13.876173240333204,6.307772023268791,2.5247883159004934,422.1354537913845,1
7.628094722333303,7.844982345580784,22.27049507732268,4.576856833399982,4.314740290069432,11.13524753866134,424.1381382575976,1
3.4537314237889154,11.789902156521139,15.692557469136547,2.072238854273349,6.484446186086627,7.846278734568274,425.7784346350904,1
2.568423803589881,3.633826287599005,11.67404333842359,1.5410542821539286,1.9986044581794529,5.837021669211795,426.71610267604484,1
11.023109210511437,2.7663576346038274,4.01594629295427,6.613865526306863,1.5214966990321053,2.007973146477135,427.7304362132264,1
12.294530773579424,38.24921296444349,1.8730982312838782,7.376718464147654,21.03706713044392,0.9365491156419391,430.66546968424973,1
7.527887044203963,11.707531862759776,7.14645971403387,4.516732226522378,6.4391425245178775,3.573229857016935,432.1183801450555,1
11.663049949620557,22.435726508505343,10.614313912889767,6.997829969772334,12.339649579677939,5.307156956444883,434.58284379564503,1
16.883984493367866,4.947328399077293,8.057743796298565,10.130390696020719,2.7210306194925113,4.028871898149283,436.27087311701126,1
0.35140082734094147,26.34481526101061,34.81736874551902,0.21084049640456487,14.489648393555836,17.40868437275951,439.4817904432833,1
4.904951303228787,10.502501564934544,4.609363377684647,2.9429707819372717,5.776375860713999,2.3046816888423236,440.58419327643264,1
5.32682057092676,8.363128050238092,11.657198624627416,3.1960923425560557,4.599720427630952,5.828599312313708,441.94663448468265,1
4.51035825601606,24.882230311119923,3.296002540158715,2.706214953609636,13.68522667111596,1.6480012700793576,443.75057877416316,1
17.342717153635334,2.6090042932993494,3.176012785261118,10.4056302921812,1.4349523613146422,1.588006392630559,445.09343767877573,1
16.03088845400228,13.969114009428141,14.026369250537606,9.618533072401368,7.683012705185479,7.013184625268803,447.52491071906127,1
22.846789043101563,18.041345736201887,6.300690727844236,13.708073425860936,9.922740154911038,3.150345363922118,450.20302661353065,1
19.517015119767706,8.314202543922608,12.862588747792248,11.710209071860623,4.572811399157435,6.431294373896124,452.47445809802207,1
12.855747539931428,11.777144398276901,8.972380127906638,7.713448523958856,6.477429419052296,4.486190063953319,454.3421648987185,1
13.128393302069759,40.34106907837748,5.403296043679774,7.877035981241855,22.187587993107616,2.701648021839887,457.61879209833745,1
6.863832368886701,11.686381757322488,13.471655814780263,4.11829942133202,6.427509966527369,6.7358279073901315,459.34695582786236,1
5.981370749878531,23.355400654378887,3.4005364038594466,3.5888224499271186,12.845470359908388,1.7002682019297233,461.1604119290389,1
15.883866897811869,3.5668831759467508,14.20181097156422,9.53032013868712,1.9617857467707132,7.10090548578211,463.0197130661629,1
22.2217840956795,11.3936760810176,12.974875303555116,13.333070457407699,6.266521844559681,6.487437651777558,465.62841606153734,1
1.5364589310607744,26.34704033340878,12.85081658798316,0.9218753586364645,14.490872183374831,6.42540829399158,467.8122316451376,1
5.333903399995107,27.707501624121864,8.261658161087164,3.200342039997064,15.239125893267026,4.130829080543582,470.0692613465183,1
6.10918822041741,13.989437131506033,14.43285755966227,3.665512932250446,7.694190422328319,7.216428779831135,471.9268745599593,1
20.776018856698272,18.46295296501914,17.244891329558328,12.465611314018963,10.154624130760528,8.622445664779164,475.05114267091517,1
6.84523341041969,6.510754956237823,18.417028520001608,4.107140046251813,3.5809152259308026,9.208514260000804,476.74079962413344,1
0.5764650874063648,13.562194493002291,11.571900259478005,0.3458790524438189,7.459206971151261,5.785950129739002,478.09990323946687,1
18.964548387391787,1.0882087785775054,4.641300522238692,11.378729032435071,0.598514828217628,2.320650261119346,479.52969265164404,1
0.9259519748883078,20.941266756669517,13.316486805596925,0.5555711849329846,11.517696716168235,6.658243402798463,481.402843782034,1
6.166131507574882,8.391844421604542,5.94017103955392,3.6996789045449288,4.615514431882499,2.97008551977696,482.5313716676544,1
13.461939849633277,5.204617338552815,3.2686295280890185,8.077163909779966,2.8625395362040487,1.6343147640445093,483.7887734886573,1
34.145176930424824,17.600224947209213,8.020373107590622,20.487106158254893,9.680123720965067,4.010186553795311,487.20651513195884,1
14.490819857199224,6.415280597543302,3.1621487518071896,8.694491914319533,3.5284043286488163,1.5810743759035948,488.58691219384605,1
38.304778938252156,12.250572263289438,9.605517874504526,22.982867362951293,6.737814744809191,4.802758937252263,492.0392562983473,1
7.671656778553983,2.0663752293419244,6.917198809710476,4.602994067132389,1.1365063761380585,3.458599404855238,492.9590662831599,1
3.634568724641033,2.0184624742442923,11.419204939105555,2.18074123478462,1.110154360834361,5.709602469552777,493.8591160896771,1
4.299655491614205,7.053405833585288,3.934912498421159,2.579793294968523,3.8793732084719084,1.9674562492105796,494.70177836494224,1
11.692177524807398,9.575678348641201,14.455843419617867,7.015306514884439,5.266623091752661,7.227921709808934,496.65276349658683,1
6.2447447875553195,2.733718472853222,12.049388433340376,3.7468468725331916,1.5035451600692722,6.024694216670188,497.78027212151414,1
3.6319717173802593,3.5639285071203703,6.373902881247125,2.1791830304281556,1.9601606789162038,3.1869514406235626,498.51290163651095,1
3.173499921168088,8.473242209470726,32.166538575966726,1.9040999527008529,4.660283215208899,16.083269287983363,500.7776668821002,1
3.1433727478625393,8.066628509197036,4.083268651285875,1.8860236487175235,4.43664568005837,2.0416343256429377,501.61409724754213,1
4.631242349516168,3.537271249381122,3.8197993296387174,2.778745409709701,1.9454991871596172,1.9098996648193587,502.277511673711,1
3.649785488497395,23.506890288259783,19.22211700270512,2.1898712930984368,12.92878965854288,9.61105850135256,504.75048361901037,1
9.331721264319144,8.320253897712425,6.042075495048184,5.599032758591487,4.576139643741834,3.021037747524092,506.07010463399615,1
23.559377488434805,9.90447771287691,8.677601349179024,14.135626493060883,5.4474627420823,4.338800674589512,508.46229362496933,1
22.610937837465773,7.863871023374597,2.321075516529935,13.566562702479464,4.325129062856028,1.1605377582649674,510.3675165773294,1
3.726937907256141,1.1958161135408458,11.57012985589975,2.2361627443536842,0.6576988624474652,5.785064927949875,511.23540923080446,1
34.39014415160655,20.905578667766207,10.95253251670612,20.634086490963927,11.498068267271416,5.47626625835306,514.9962513324633,1
21.198815998221015,12.002493770565401,5.482487713139923,12.719289598932608,6.6013715738109715,2.7412438565699615,517.2024418353947,1
40.255379925591264,12.060418550188267,18.25840526988278,24.153227955354758,6.6332302026035475,9.12920263494139,521.1940079146847,1
20.81854001125093,8.826731567918431,4.16618004250776,12.491124006750558,4.8547023623551375,2.08309002125388,523.1368995537206,1
6.858449216793375,28.78770263806687,4.754605557347298,4.115069530076025,15.83323645093678,2.377302778673649,525.3694604296892,1
8.806897196214504,29.26952610470935,4.765215830475096,5.284138317728702,16.098239357590142,2.382607915237548,527.7459589887449,1
8.986341032313158,12.4604498005149,5.321858555928865,5.391804619387894,6.853247390283196,2.6609292779644327,529.2365571175085,1
1.7684023264765212,4.073007046011966,2.350649175977246,1.0610413958859126,2.2401538753065817,1.175324587988623,529.6842091034266,1
2.862377765964551,21.463726720158462,13.539661329838893,1.7174266595787304,11.805049696087154,6.769830664919446,531.7134398054851,1
14.031056535876736,11.156546977889645,6.443050265638352,8.418633921526041,6.136100837839305,3.221525132819176,533.4910657947036,1
8.477556843476258,17.048438010948114,31.34858476913656,5.086534106085755,9.376640906021464,15.67429238456828,536.5048125343711,1
4.294638704671224,15.515434709023054,8.270222828818412,2.5767832228027348,8.53348908996268,4.135111414409206,538.0293509070887,1
2.2655147064726235,35.6743536332488,5.29381553109522,1.359308823883574,19.62089449828684,2.64690776554761,540.3920620158605,1
21.165548079335377,16.226348701448575,3.1706810251652033,12.699328847601226,8.924491785796718,1.5853405125826017,542.7129781304585,1
3.0387420900507744,6.437253834985741,14.411054107856462,1.8232452540304647,3.540489609242158,7.205527053928231,543.9699043221785,1
17.88322845591791,5.209311813482949,10.173301524187208,10.729937073550746,2.8651214974156223,5.086650762093604,545.8380752554846,1
13.04792033894968,1.0321091617219715,25.569211417634413,7.828752203369808,0.5676600389470844,12.784605708817207,547.956177050598,1
6.963944344300197,24.707043354603325,6.645172847231505,4.178366606580118,13.58887384503183,3.3225864236157525,550.0651597381208,1
16.67099108315182,10.285761308905453,3.585502894016245,10.00259464989109,5.657168719897999,1.7927514470081225,551.8104112198005,1
24.198917490688835,36.88463437198314,1.752747569418448,14.5193504944133,20.286548904590727,0.876373784709224,555.3786385381717,1
2.9384928098371335,9.472449108313906,2.6105253293511224,1.76309568590228,5.209847009572649,1.3052626646755612,556.2064590741868,1
3.9374726825746635,23.095593755958728,4.325260615077454,2.362483609544798,12.702576565777301,2.162630307538727,557.9292281224729,1
16.900884767316693,0.20534079814866324,24.650593665165133,10.140530860390015,0.1129374389817648,12.325296832582566,560.1871046356682,1
3.5383432483271484,21.641877206556185,4.379586778900974,2.123005948996289,11.903032463605902,2.189793389450487,561.8086878158736,1
18.49401182845792,10.114638763163134,3.8547131516296878,11.096407097074753,5.563051319739724,1.9273565758148439,563.6673693151364,1
2.3435827829582467,38.95800460670175,0.3739827336460131,1.406149669774948,21.426902533685965,0.18699136682300654,565.9693736721648,1
25.099888844845854,19.051434010953727,6.912631002565691,15.059933306907512,10.47828870602455,3.4563155012828455,568.8688274235864,1
7.1880340097980735,71.34414831638654,2.144711770313553,4.312820405878844,39.2392815740126,1.0723558851567765,573.3312732100911,1
7.5115068380055385,1.846731079087452,2.263018887490374,4.506904102803323,1.0157020934980987,1.131509443745187,573.9966847740958,1
17.581240162657686,24.645309024651112,20.728489675430744,10.54874409759461,13.554919963558113,10.364244837715372,577.4434756639826,1
5.044378900814331,6.228614004316082,31.281512808004216,3.026627340488598,3.4257377023738456,15.640756404002108,579.652787808669,1
6.380730211773177,16.891832877300498,2.70324336138494,3.828438127063906,9.290508082515275,1.35162168069247,581.0998445976962,1
22.000526469612737,7.457456775214146,6.461572227900545,13.200315881767642,4.10160122636778,3.2307861139502725,583.1531149199049,1
8.356759799752153,5.1159251371813035,3.864939488774153,5.014055879851291,2.813758825449717,1.9324697443870764,584.1291433648736,1
17.56965466061448,19.492537477741276,7.000048958163734,10.541792796368687,10.720895612757703,3.500024479081867,586.6054146536944,1
10.117874960920494,3.443841469194054,24.98873746412712,6.070724976552296,1.89411280805673,12.49436873206356,588.6513353053617,1
12.059080877037594,5.615483677829916,13.570232118217023,7.235448526222556,3.088516022806454,6.785116059108511,590.3622433661754,1
1.1895725302775668,17.244514848157635,14.88416616100513,0.71374351816654,9.4844831664867,7.442083080502565,592.126274342691,1
40.2650241065227,11.63083403043663,10.230148982070213,24.15901446391362,6.396958716740147,5.115074491035107,595.6933791098598,1
7.546695591875188,11.752818620634317,5.287243050923722,4.528017355125113,6.4640502413488745,2.643621525461861,597.0569480220535,1
13.721804743201321,11.61719286003549,7.615493554369683,8.233082845920793,6.389456073019519,3.8077467771848417,598.8999765916659,1
17.07996332708263,3.6897244350269163,12.619905482679648,10.247977996249578,2.0293484392648042,6.309952741339824,600.7587045093513,1
6.684356962935903,15.592223607310103,1.7181279792716742,4.010614177761542,8.575722984020558,0.8590639896358371,602.1032446244932,1
10.39266797884687,6.230848791435002,4.529672959118619,6.235600787308122,3.4269668352892513,2.2648364795593094,603.2959850347088,1
15.457575386924399,18.429284202381293,8.098388242448628,9.274545232154638,10.136106311309712,4.049194121224314,605.6419696011777,1
0.9663416996333367,8.356630058788427,3.470343859645408,0.579805019780002,4.596146532333636,1.735171929822704,606.3330819493714,1
20.72134870094534,17.121591243511325,12.60461973448892,12.432809220567204,9.41687518393123,6.30230986724446,609.1482813765457,1
9.877838656663707,10.581101018173312,1.91845271176649,5.926703193998224,5.819605559995322,0.959226355883245,610.4188348875334,1
20.013360412746778,12.52025256255964,8.617093093197763,12.008016247648067,6.886138909407803,4.3085465465988815,612.7391050578989,1
8.189991680155735,35.74817337438759,9.548883033449862,4.913995008093441,19.661495355913175,4.774441516724931,615.674098245972,1
14.477443211041297,22.52475366406931,2.492621214902545,8.686465926624779,12.388614515238121,1.2463106074512724,617.9062373509034,1
21.542219418710715,19.10917525503979,3.771058780036723,12.92533165122643,10.510046390271885,1.8855293900183614,620.4383280940551,1
17.99541379272012,7.7875083647054355,4.155292663530373,10.797248275632073,4.28312960058799,2.0776463317651865,622.1541305148536,1
16.50728490574495,27.994703393804542,2.692910133789641,9.904370943446969,15.397086866592499,1.3464550668948205,624.818921802547,1
5.099100277597922,4.7298389261957645,4.331650782881603,3.0594601665587535,2.6014114094076706,2.1658253914408014,625.6015914992877,1
6.979512931698998,3.2471591170781693,5.245039124956513,4.187707759019398,1.7859375143929932,2.6225195624782565,626.4612079828768,1
6.748344714257607,6.5974323693221635,12.79081548129435,4.049006828554564,3.62858780312719,6.395407740647175,627.8685082201097,1
8.98279891284529,16.164771370734115,15.167167143569449,5.389679347707173,8.890624253903765,7.583583571784724,630.0548969374493,1
23.317834446430336,7.3268803700933365,11.574808506356884,13.990700667858201,4.029784203551335,5.787404253178442,632.435685849908,1
10.121086918333537,16.621868567249685,33.83851683748291,6.072652151000122,9.142027711987327,16.919258418741457,635.6490796780809,1
12.816544150457762,7.254749760179756,3.307920131677549,7.689926490274657,3.990112368098866,1.6539600658387745,636.9824795705022,1
3.1019325872907926,6.667811251735346,0.8902272551988756,1.8611595523744755,3.6672961884544404,0.4451136275994378,637.579836507345,1
2.7289448812151074,9.970717761721671,1.6672073620052297,1.6373669287290644,5.48389476894692,0.8336036810026148,638.3753230452129,1
13.700257750603228,15.510192649968493,13.138051044134933,8.220154650361936,8.530605957482672,6.5690255220674665,640.7073016582041,1
11.083273043044159,8.495203524934256,7.065064882529009,6.649963825826495,4.672361938713841,3.5325324412645047,642.1927874787846,1
18.709901721960257,8.466844119940847,3.4249860457721115,11.225941033176154,4.656764265967466,1.7124930228860558,643.9523073109875,1
27.84424553054755,29.565964513957667,8.570233692152772,16.70654731832853,16.261280482676717,4.285116846076386,647.6776017756956,1
8.127097131834274,33.283628749459986,16.057796627947887,4.876258279100564,18.305995812202994,8.028898313973944,650.7987170162233,1
6.428225322039458,5.030420453355255,1.8782412855799715,3.8569351932236744,2.7667312493453906,0.9391206427899857,651.5549957247592,1
8.190276819940133,7.163585734989349,19.28041939617781,4.91416609196408,3.9399721542441424,9.640209698088904,653.404430519189,1
12.907577497464127,28.641281762303098,12.19349300341203,7.744546498478476,15.752704969266706,6.096746501706015,656.3638303161341,1
27.89990667035979,34.073049337701796,9.485356804125638,16.739944002215875,18.74017713573599,4.742678402062819,660.3861102701355,1
8.940463053445718,17.978060419903393,11.007602281599691,5.3642778320674305,9.887933230946867,5.503801140799846,662.4617114905169,1
23.69998274242802,34.748240258449584,2.1621945757716095,14.219989645456812,19.111532142147272,1.0810972878858047,665.9029733980659,1
8.0108720014468,16.210581203729568,22.510698247986276,4.806523200868079,8.915819662051263,11.255349123993138,668.4007425967571,1
2.4442151674136534,6.207658482981837,16.19278743370738,1.466529100448192,3.4142121656400106,8.09639371685369,669.6984560950514,1
1.8981760085271335,5.575626734263574,10.437607917257406,1.13890560511628,3.066594703844966,5.218803958628703,670.6408865218103,1
3.697406525110998,7.522485771771228,18.588839276669177,2.2184439150665987,4.137367174474176,9.294419638334588,672.2059095945979,1
6.090770506883057,14.168835275103817,7.394476525194897,3.6544623041298343,7.7928594013070995,3.6972382625974487,673.7203655914013,1
3.174808244323639,10.511987847438231,7.3748727808188015,1.9048849465941835,5.781593316091028,3.6874363904094007,674.8577570567107,1
4.1347736907217945,3.4719569153311904,5.747621194967357,2.4808642144330766,1.909576303432155,2.8738105974836783,675.5841821682457,1
0.9766664796763692,10.694584713575235,23.56098654729322,0.5859998878058215,5.88202159246638,11.78049327364661,677.4090336436375,1
5.129549475669215,3.286061185684795,4.036859053834699,3.077729685401529,1.8073336521266374,2.0184295269173496,678.099382930082,1
7.6013751819977236,17.99232085749774,13.84457633751645,4.560825109198634,9.895776471623758,6.922288168758225,680.2372719050401,1
24.38732877390757,9.900339061926271,4.94006068477141,14.63239726434454,5.445186484059449,2.470030342385705,682.492033314119,1
3.737233293697262,5.22129986391699,16.862226210229096,2.242339976218357,2.8717149251543446,8.431113105114548,683.8465501147678,1
12.195676898595472,5.932052055301394,7.698307408837003,7.317406139157283,3.262628630415767,3.8491537044185016,685.2894689621669,1
4.8822716595738544,7.265744925976548,1.0109052838091337,2.9293629957443126,3.9961597092871015,0.5054526419045668,686.0325664968605,1
31.40420572443925,11.334483768644953,8.28294985961792,18.84252343466355,6.233966072754725,4.14147492980896,688.9543629405832,1
5.522248068537966,14.936437977164191,7.765847997177517,3.3133488411227794,8.215040887440306,3.8829239985887587,690.4954943132984,1
11.196390535102722,10.296999620174965,9.244408387557906,6.717834321061633,5.663349791096231,4.622204193778953,692.1958331438921,1
1.4876518080373802,8.945929390253577,10.456100543612543,0.8925910848224281,4.920261164639467,5.228050271806271,693.2999233960189,1
1.0393845855637496,10.925411725791989,2.903242213892636,0.6236307513382497,6.008976449185594,1.451621106946318,694.1083462267659,1
2.8614510706126652,6.382908106313334,28.47797113525205,1.716870642367599,3.510599458472334,14.238985567626026,696.0549917936124,1
10.020958465174909,8.20116366193825,10.58621922706892,6.012575079104945,4.510640014066038,5.29310961353446,697.636624264283,1
4.098002666295631,22.831665620692053,12.887664850936778,2.4588015997773787,12.557416091380631,6.443832425468389,699.7826292759455,1
3.87871049346671,10.929448254878269,2.1594476456345726,2.327226296080026,6.0111965401830485,1.0797238228172863,700.7244439418537,1
14.986593217669716,27.414954161269232,5.725167920883088,8.99195593060183,15.07822478869808,2.862583960441544,703.4177204098278,1
7.795138902303863,16.42270585504606,19.644745358369313,4.677083341382318,9.032488220275335,9.822372679184657,705.770914833912,1
8.610459146226981,21.014402534674712,6.0553398557583185,5.166275487736189,11.557921394071093,3.0276699278791592,707.7461015148806,1
30.373982137468822,5.263136025269402,7.027113882486246,18.224389282481294,2.894724813898171,3.513556941243123,710.2093686186429,1
3.8994479712879286,14.925652790230714,4.497887722157549,2.339668782772757,8.209109034626893,2.2489438610787746,711.4891407864907,1
16.315308941339072,6.148529474248042,9.813613580835664,9.789185364803442,3.381691210836423,4.906806790417832,713.2969091230965,1
8.207363421864724,42.99741292727622,6.51845325097168,4.924418053118834,23.648577110001924,3.25922662548584,716.480131301957,1
18.32544360764846,6.556781052226844,17.069096656833306,10.995266164589076,3.6062295787247645,8.534548328416653,718.7937357091301,1
16.002803414802113,7.629887216686108,5.384080008990059,9.601682048881267,4.19643796917736,2.6920400044950297,720.4427517113855,1
18.38792259976725,17.14286198035604,7.0561337433182425,11.03275355986035,9.428574089195823,3.5280668716591213,722.8416911634571,1
5.8425197226171335,22.612229339500466,11.662141784828169,3.50551183357028,12.436726136725257,5.831070892414084,725.0190220497279,1
3.8667582918563217,22.58500027863391,9.613852759993204,2.320054975113793,12.42175015324865,4.806926379996602,726.9738952005639,1
14.932330677575461,6.405659758925343,2.9328757476267957,8.959398406545276,3.523112867408939,1.4664378738133979,728.3687901153407,1
12.635793810090679,12.442713179331395,11.717604249696125,7.581476286054407,6.843492248632268,5.858802124848062,730.3971671812942,1
6.192483491606387,8.922020177745193,21.159897868712555,3.715490094963832,4.907111097759857,10.579948934356278,732.3174221940021,1
8.985833135731378,16.9513747546226,17.622990851665275,5.391499881438826,9.32325611504243,8.811495425832637,734.6700473362336,1
2.6552919849949226,11.838304941312643,4.129630702222242,1.5931751909969536,6.5110677177219545,2.064815351111121,735.6869531622166,1
5.074372433808727,23.804425148658165,7.784780534044843,3.0446234602852362,13.092433831761992,3.8923902670224213,737.6898979181236,1
2.3498020499041843,1.5381509287909183,5.409442343428471,1.4098812299425105,0.8459830108350052,2.7047211717142354,738.1859564593728,1
13.664795567020725,7.062092422848901,8.724202359792994,8.198877340212436,3.884150832566896,4.362101179896497,739.8304693946403,1
17.38183697618252,12.847848431897884,8.155383202734168,10.429102185709512,7.066316637543837,4.077691601367084,741.9877804371024,1
22.39023399732584,12.34935888654828,8.910782647028832,13.434140398395504,6.792147387601555,4.455391323514416,744.4559483480535,1
20.636902100484424,33.91352454189611,1.8563614079914916,12.382141260290654,18.652438498042862,0.9281807039957458,747.6522243942865,1
18.389476565039317,13.724775482937549,11.648915584436212,11.03368593902359,7.548626515615652,5.824457792218106,750.0929014189722,1
11.727091055248442,18.99276638239397,8.839401724219906,7.036254633149065,10.446021510316685,4.419700862109953,752.2830991195298,1
13.071993077105496,47.75885325555597,17.394270498388916,7.843195846263297,26.267369290555784,8.697135249194458,756.5638691581312,1
10.634010494806938,2.9279927938488117,14.007256225327717,6.380406296884163,1.6103960366168466,7.003628112663859,758.0633122027476,1
2.779884444907012,8.921174736565641,10.474104143675241,1.6679306669442073,4.906646105111103,5.237052071837621,759.244475087137,1
12.717467012471808,26.62636453158342,6.101611054693457,7.630480207483084,14.644500492370883,3.0508055273467285,761.777053709857,1
17.70469036780207,25.38755404625316,11.076363579929193,10.62281422068124,13.96315472543924,5.538181789964597,764.7894687834655,1
1.8324153960772822,12.308975801033707,16.72573265639875,1.0994492376463694,6.76993669056854,8.362866328199376,766.4126940091069,1
16.798333058867286,4.052482363602848,6.335743782071662,10.07899983532037,2.2288652999815666,3.167871891035831,767.9602677117407,1
15.895274467566036,24.346043405768278,1.4191515425093355,9.537164680539622,13.390323873172553,0.7095757712546678,770.3239741442374,1
3.5033751142000065,4.661825604264969,1.2151114913171372,2.1020250685200037,2.564004082345733,0.6075557456585686,770.8513326338898,1
29.954898656504334,21.32482929089369,19.317125619431696,17.9729391939026,11.72865610999153,9.658562809715848,774.7873484452507,1
10.073166580409822,19.732466711216606,3.1467747828659736,6.043899948245893,10.852856691169134,1.5733873914329868,776.6343628483355,1
4.167171277606466,16.601633964774706,3.5878659945890883,2.50030276656388,9.130898680626089,1.7939329972945441,777.976876292784,1
6.521393374883424,10.843196086574597,5.193053481415079,3.912836024930054,5.963757847616029,2.5965267407075396,779.2241883541094,1
7.719428280277054,16.151889221474665,3.016788977605404,4.631656968166232,8.883539071811066,1.508394488802702,780.7265474069874,1
7.572204172219509,19.373412848727185,6.635961197045614,4.543322503331705,10.655377066799952,3.317980598522807,782.5782154238528,1
3.017891286201873,15.626680735714707,8.401477440844188,1.8107347717211237,8.59467440464309,4.200738720422094,784.0388302135316,1
2.877221375860749,2.5142249604342966,3.300173305512777,1.7263328255164494,1.3828237282388631,1.6500866527563884,784.5147545341828,1
22.425617319491053,2.4283322370210167,16.860910649243806,13.45537039169463,1.3355827303615593,8.430455324621903,786.8368953788505,1
37.7253219118883,12.159107246856252,10.897407351728896,22.63519314713298,6.687508985770939,5.448703675864448,790.3140359597273,1
12.143576862303906,7.384430157264708,5.798483607046264,7.286146117382343,4.0614365864955895,2.899241803523132,791.7387184104675,1
20.279943666079603,24.129139445957215,8.682970914448706,12.167966199647761,13.271026695276468,4.341485457224353,794.7167662456824,1
5.2868256592802165,2.487012800617238,6.92867429780648,3.17209539556813,1.367857040339481,3.46433714890324,795.5171952041635,1
7.648504427071608,4.8177542746144715,21.76419986390938,4.589102656242964,2.6497648510379594,10.88209993195469,797.3292919480871,1
12.67885390071931,15.98396725165726,6.219244176741175,7.607312340431586,8.791181988411493,3.1096220883705876,799.2801035898084,1
18.851864861441893,13.079068586044855,12.590176921266686,11.311118916865135,7.1934877223246705,6.295088460633343,801.7600730997907,1
10.607048594330703,17.59227482531381,8.204973768347218,6.364229156598421,9.675751153922597,4.102486884173609,803.7743198192602,1
6.036667038279802,30.72538310374412,12.63331144931061,3.622000222967881,16.898960707059267,6.316655724655305,806.4580814847284,1
1.316451929628352,8.279912174653257,11.605332177184533,0.7898711577770111,4.553951696059292,5.802666088592266,807.5727303789713,1
7.75805520420905,22.047529712717733,2.4003047485044586,4.65483312252543,12.126141341994755,1.2001523742522293,809.3708430628485,1
12.549601916767195,52.04982657243992,5.447740426522393,7.529761150060317,28.627404614841957,2.7238702132611965,813.2589466606648,1
6.082920288102416,44.98407084448828,20.443264416225055,3.6497521728614495,24.741238964468554,10.221632208112528,817.120208995209,1
8.00182511144168,16.85421001359841,2.8226405121345834,4.801095066865007,9.269815507479127,1.4113202560672917,818.6684320782501,1
1.6566802876315572,8.484216729620066,14.184367812579683,0.9940081725789343,4.666319201291037,7.092183906289842,819.9436832062662,1
2.282391104801839,2.2542722403723987,15.289628640315112,1.3694346628811032,1.2398497322048194,7.644814320157556,820.9690930777906,1
5.901924229017196,30.04149941500641,3.7734150442483654,3.5411545374103173,16.522824678253528,1.8867075221241827,823.1641617515694,1
40.2652097868012,24.03080832833043,6.407203680791972,24.15912587208072,13.216944580581737,3.203601840395986,827.2221289808754,1
16.29520761496099,23.605410199801472,1.8348915981999174,9.777124568976594,12.982975609890811,0.9174457990999587,829.589883578672,1
6.83671032935888,4.882796451492226,6.704040096475485,4.102026197615328,2.6855380483207245,3.3520200482377427,830.6038420080894,1
27.70961875554101,6.155254541786558,4.974055327724676,16.625771253324604,3.385389997982607,2.487027663862338,832.8536608996063,1
6.228668218766533,24.1537343789559,6.169069396784068,3.7372009312599195,13.284553908425746,3.084534698392034,834.8642898534141,1
22.710213517457568,12.943031718896657,2.7760215799226566,13.626128110474541,7.118667445393162,1.3880107899613283,837.077570487997,1
6.746255794541167,32.32821227506398,2.7395665398085627,4.0477534767247,17.78051675128519,1.3697832699042813,839.3973758377884,1
6.119594010623461,19.715354838400323,23.428684264159756,3.671756406374077,10.843445161120178,11.714342132079878,842.0203302077458,1
21.848564503800294,20.775205076752837,4.37726478440383,13.109138702280175,11.42636279221406,2.188632392201915,844.6927435964155,1
14.592283350196205,44.732062141915826,10.66144687915128,8.755370010117723,24.602634178053705,5.33072343957564,848.5616163591902,1
7.073432716841466,6.470649374294698,24.11444217898033,4.244059630104879,3.5588571558620843,12.057221089490165,850.547630146736,1
1.8013906278614593,8.486339538296168,11.724936736736744,1.0808343767168755,4.667486746062893,5.862468368368372,851.7087090958507,1
15.192729404759039,11.215114437385372,10.60487244849931,9.115637642855424,6.168312940561955,5.302436224249655,853.7673477766174,1
3.4315944662027515,13.565608824123615,11.525517567028613,2.0589566797216508,7.461084853267988,5.762758783514307,855.2956278082677,1
10.47442262650743,9.409524891607179,8.796302921751693,6.284653575904458,5.1752386903839485,4.398151460875846,856.8814321809841,1
19.234745479028074,17.126935318438782,23.075835962891595,11.540847287416844,9.41981442514133,11.537917981445798,860.1312901503845,1
9.81290683920872,5.630227208611175,6.266416897711941,5.887744103525232,3.0966249647361463,3.1332084488559704,861.3430479020963,1
2.1583144140127972,0.5867532960254336,4.597463688747128,1.2949886484076782,0.3227143128139885,2.298731844373564,861.7346913826558,1
26.592948205381116,13.85790439598108,0.7199432042789443,15.95576892322867,7.621847417789595,0.35997160213947216,864.1284501769715,1
10.862423871373302,2.119749829543838,5.010781783376911,6.517454322823981,1.1658624062491112,2.5053908916884553,865.1473209390477,1
11.006323175588733,6.875578284508451,11.978731497239231,6.60379390535324,3.7815680564796486,5.9893657486196155,866.7847937100929,1
27.339338888380134,21.019892036543766,0.8624800116806037,16.40360333302808,11.560940620099073,0.43124000584030187,869.6243721059897,1
13.220993296359485,6.609757156605529,1.2726658612523891,7.932595977815691,3.635366436133041,0.6363329306261946,870.8448016404471,1
4.234209242313199,1.3105728096518545,21.56008145991155,2.540525545387919,0.72081504530852,10.780040729955775,872.2489397725124,1
2.895806074165657,8.829446047169265,4.543270676840382,1.7374836444993942,4.856195325943096,2.271635338420191,873.1354712033987,1
7.382118914439154,9.658492799108167,15.486402615390118,4.429271348663492,5.312171039509492,7.743201307695059,874.8839355729856,1
8.39435909044922,21.88390047651735,16.03615022234951,5.036615454269532,12.036145262084544,8.018075111174754,877.3930191557383,1
24.025721252748397,8.795321238891077,9.381029859270267,14.415432751649037,4.837426681390093,4.690514929635134,879.7873565920058,1
5.453297198942694,10.510643890566413,24.62553774399735,3.2719783193656164,5.780854139811528,12.312768871998674,881.9239167251234,1
7.1750231983590815,21.68573801990306,0.5591446346171969,4.305013919015448,11.927155910946684,0.27957231730859844,883.5750909398505,1
7.468624464728611,0.3775005329293585,7.052805926076809,4.481174678837166,0.2076252931111472,3.5264029630384046,884.3966112333492,1
16.13145806438595,15.589368840526513,5.720345529294301,9.67887483863157,8.574152862289584,2.8601727646471504,886.5079312799061,1
28.06085139046185,12.673500707301368,11.410685047534727,16.83651083427711,6.9704253890157535,5.705342523767364,889.4591591546122,1
5.002513925608984,10.489416246264287,5.049437624308775,3.0015083553653903,5.769178935445359,2.5247188121543873,890.5886997649086,1
8.231609301703166,16.581311421656697,5.532765378888747,4.9389655810218995,9.119721281911184,2.7663826894443737,892.2712067201463,1
4.159456022243503,6.314139915771665,9.560089597703069,2.4956736133461015,3.472776953674416,4.780044798851534,893.3460562567334,1
6.2436704016953275,23.162266456410652,9.938665050668833,3.7462022410171962,12.73924655102586,4.9693325253344165,895.4915343884712,1
4.440410389797787,10.783668418553107,1.0705081417235087,2.664246233878672,5.9310176302042095,0.5352540708617544,896.4045861819656,1
5.895634696650442,4.134839863821203,30.797006562133397,3.537380817990265,2.2741619251016623,15.398503281066699,898.5255907843814,1
4.8145150318609335,17.488955628492317,11.382604034315131,2.88870901911656,9.618925595670776,5.6913020171575655,900.3454844475759,1
15.792368225004886,3.2824905422192816,19.476817712867142,9.475420935002932,1.805369798220605,9.738408856433571,902.4474044065415,1
3.1055409372233607,13.314018340792916,7.5538901542437396,1.8633245623340162,7.322710087436104,3.7769450771218698,903.7437023792307,1
7.631022186679706,25.980274835148872,13.709183510199354,4.578613312007824,14.289151159331881,6.854591755099677,906.3159380018747,1
7.192126944066292,23.448128746938288,9.215957643413567,4.315276166439775,12.896470810816059,4.607978821706784,908.497910581771,1
18.42983003303882,14.092949537070115,15.480091908240798,11.057898019823291,7.751122245388564,7.740045954120399,911.1528172037041,1
18.52196075509199,20.525961589584995,14.050593232300866,11.113176453055193,11.289278874271748,7.025296616150433,914.0955923980518,1
6.054179235729963,16.60789664891523,15.854398527539072,3.6325075414379775,9.134343156903377,7.927199263769536,916.164997394263,1
6.284977790892633,10.066693671391697,21.350104301795145,3.7709866745355796,5.536681519265434,10.675052150897573,918.1632694287327,1
22.720466581870184,7.784015461815369,1.9361219930567537,13.63227994912211,4.281208503998453,0.9680609965283768,920.0514243736976,1
4.727480989683121,21.028911216948483,8.892730830396806,2.8364885938098725,11.565901169321666,4.446365415198403,921.9362998915306,1
7.3769639102066655,3.4998200471283893,16.06268609339239,4.426178346123999,1.9249010259206143,8.031343046696195,923.3745421334047,1
21.72229895482409,1.3665880710020593,3.1659743177915307,13.033379372894453,0.7516234390511326,1.5829871588957654,924.9113411304888,1
10.60132961958509,1.5405123811556585,25.54667418586245,6.360797771751054,0.8472818096356123,12.773337092931225,926.9094827979206,1
9.878559691431818,7.952479238514945,4.058891969768833,5.92713581485909,4.37386358118322,2.0294459848844166,928.1425273360134,1
12.771655937926088,3.130726092929053,15.924063803834397,7.662993562755652,1.7218993511109792,7.962031901917198,929.8772198175917,1
22.37223382423785,9.146471944344476,12.423206887514812,13.42334029454271,5.030559569389462,6.211603443757406,932.3437701483607,1
15.335390221683333,8.509769813751468,14.173095275296975,9.201234133009999,4.680373397563308,7.086547637648487,934.4405856651829,1
18.67595880615018,27.978840119812816,25.325094679119587,11.205575283690107,15.38836206589705,12.662547339559794,938.3662341340977,1
36.55637063787213,4.5695415049985755,10.790144140200105,21.933822382723275,2.5132478277492165,5.395072070100053,941.350448362155,1
31.01314173418647,3.1281041423131724,10.011925409914966,18.60788504051188,1.720457278272245,5.005962704957483,943.8838788645292,1
4.166830808030373,9.755517992191747,9.102855431041025,2.5000984848182237,5.365534895705461,4.5514277155205125,945.1255849741336,1
4.212896014248859,23.072304737369656,8.668747968701098,2.527737608549315,12.689767605553312,4.334373984350549,947.0807728939789,1
14.806967650107485,10.189769139947328,6.663394998300625,8.88418059006449,5.6043730269710315,3.3316974991503123,948.8627980055974,1
5.1072520075100645,6.319503086164379,12.648661649544701,3.0643512045060386,3.475726697390409,6.324330824772351,950.1492388782643,1
15.520018880264649,4.38812358898996,11.325791785954518,9.312011328158789,2.413467973944478,5.662895892977259,951.8880763977722,1
9.113536382527974,15.164122044223461,1.6713372817101593,5.468121829516784,8.340267124322905,0.8356686408550796,953.3524821572418,1
13.979858339039179,4.5774212579400295,3.967888921031297,8.387915003423506,2.5175816918670164,1.9839444605156484,954.6414262728224,1
3.901702597892214,12.66533660781136,8.791768300096052,2.3410215587353282,6.965935134296249,4.395884150048026,956.0117103571304,1
19.545725101349465,9.509070774527903,7.134273329560282,11.727435060809679,5.229988925990347,3.567136664780141,958.0641664222884,1
9.574097165856884,15.396174919682396,1.752828378267405,5.74445829951413,8.467896205825319,0.8764141891337025,959.5730432917358,1
28.654676158841482,14.912359667953023,8.01405181962864,17.192805695304887,8.201797817374164,4.00702590981432,962.513206233985,1
3.183346213331702,15.258814209208397,11.628595567489473,1.910007727999021,8.39234781506462,5.8142977837447365,964.1248715666658,1
16.912101472272777,35.28445472090954,2.3075598536784736,10.147260883363666,19.406450096500247,1.1537799268392368,967.1956206573361,1
26.83486255021834,19.165447629628037,16.544930557088904,16.100917530131003,10.54099619629542,8.272465278544452,970.6870585578332,1
12.588297517867499,3.966063371796945,19.511324622721332,7.552978510720499,2.1813348544883198,9.755662311360666,972.6360561254902,1
12.889815840620166,5.11219101677204,17.296845985130535,7.733889504372099,2.811705059224622,8.648422992565267,974.5554578811063,1
16.405843242524774,6.727846053338978,6.739431669224287,9.843505945514865,3.7003153293364384,3.3697158346121436,976.2468115920527,1
22.01144733543265,22.811481698904267,12.138636305984923,13.20686840125959,12.546314934397348,6.069318152992461,979.4290617409177,1
12.173760207649586,11.5535224335409,5.751910398076073,7.3042561245897515,6.354437338447496,2.8759551990380365,981.0825266071251,1
10.943671077946766,5.693174238506997,14.552100074865075,6.566202646768059,3.1312458311788487,7.276050037432538,982.7798764586631,1
14.923057417266172,19.69803047265671,8.216932195196105,8.953834450359702,10.833916759961191,4.108466097598052,985.1694981894549,1
